-- -----------------------------------------------------------------------------
--            Insertion des données de la base de données pour
--                      Oracle Version 10g
--                        (11/5/2011)
-- -----------------------------------------------------------------------------
--      Nom de la base : Tennis
--      Projet : Tennis_V1.28
--      Auteur : Gonzalves / Invernizzi / Joly / Leviste
--      Date de dernière modification : 12/5/2011
-- -----------------------------------------------------------------------------
 
 
-- -----------------------------------------------------------------------------
--       TABLE : CODIFICATION
-- -----------------------------------------------------------------------------

--Début des codifications des terrains de la table TERRAIN
INSERT INTO CODIFICATION(CODE,NATURE,LIBELLE)
VALUES('DURRA','Surface','Rebound Ace');
INSERT INTO CODIFICATION(CODE,NATURE,LIBELLE)
VALUES('DURDE','Surface','Decoturf');
INSERT INTO CODIFICATION(CODE,NATURE,LIBELLE)
VALUES('DURBE','Surface','Béton');
INSERT INTO CODIFICATION(CODE,NATURE,LIBELLE)
VALUES('DURQU','Surface','Quick');
INSERT INTO CODIFICATION(CODE,NATURE,LIBELLE)
VALUES('TERBA','Surface','Terre battue');
INSERT INTO CODIFICATION(CODE,NATURE,LIBELLE)
VALUES('GAZON','Surface','Gazon');
INSERT INTO CODIFICATION(CODE,NATURE,LIBELLE)
VALUES('SYNMO','Surface','Moquette');
INSERT INTO CODIFICATION(CODE,NATURE,LIBELLE)
VALUES('SYNGE','Surface','Gerflor');
INSERT INTO CODIFICATION(CODE,NATURE,LIBELLE)
VALUES('SYNTA','Surface','Taraflex');
INSERT INTO CODIFICATION(CODE,NATURE,LIBELLE)
VALUES('SYNGR','Surface','Greenset');
INSERT INTO CODIFICATION(CODE,NATURE,LIBELLE)
VALUES('SYNPA','Surface','Parquet');
INSERT INTO CODIFICATION(CODE,NATURE,LIBELLE)
VALUES('GAZS1','Surface','Basic turf');
INSERT INTO CODIFICATION(CODE,NATURE,LIBELLE)
VALUES('GAZSY','Surface','Olympus');
INSERT INTO CODIFICATION(CODE,NATURE,LIBELLE)
VALUES('GAZS2','Surface','Melcbourne');
INSERT INTO CODIFICATION(CODE,NATURE,LIBELLE)
VALUES('TERBS','Surface','Terre battue synthé.');
INSERT INTO CODIFICATION(CODE,NATURE,LIBELLE)
VALUES('ACRYL','Surface','Acrylique');
INSERT INTO CODIFICATION(CODE,NATURE,LIBELLE)
VALUES('ASPHA','Surface','Asphalte');
INSERT INTO CODIFICATION(CODE,NATURE,LIBELLE)
VALUES('GAZS3','Surface','Gazon synthétique');
INSERT INTO CODIFICATION(CODE,NATURE,LIBELLE)
VALUES('AUTBO','Surface','Bois');
INSERT INTO CODIFICATION(CODE,NATURE,LIBELLE)
VALUES('AUTTB','Surface','Toile sur bois');
INSERT INTO CODIFICATION(CODE,NATURE,LIBELLE)
VALUES('AUTTM','Surface','Tuiles modulables');
--Fin des codifications des terrains de la table TERRAIN

--Début des codifications des niveaux pour les tables PERSONNE et ENTRAINEMENT
INSERT INTO CODIFICATION(CODE,NATURE,LIBELLE)
VALUES('1','Classement','NC');
INSERT INTO CODIFICATION(CODE,NATURE,LIBELLE)
VALUES('2','Classement','40');
INSERT INTO CODIFICATION(CODE,NATURE,LIBELLE)
VALUES('3','Classement','30/5');
INSERT INTO CODIFICATION(CODE,NATURE,LIBELLE)
VALUES('4','Classement','30/4');
INSERT INTO CODIFICATION(CODE,NATURE,LIBELLE)
VALUES('5','Classement','30/3');
INSERT INTO CODIFICATION(CODE,NATURE,LIBELLE)
VALUES('6','Classement','30/2');
INSERT INTO CODIFICATION(CODE,NATURE,LIBELLE)
VALUES('7','Classement','30/1');
INSERT INTO CODIFICATION(CODE,NATURE,LIBELLE)
VALUES('8','Classement','30');
INSERT INTO CODIFICATION(CODE,NATURE,LIBELLE)
VALUES('9','Classement','15/5');
INSERT INTO CODIFICATION(CODE,NATURE,LIBELLE)
VALUES('10','Classement','15/4');
INSERT INTO CODIFICATION(CODE,NATURE,LIBELLE)
VALUES('11','Classement','15/3');
INSERT INTO CODIFICATION(CODE,NATURE,LIBELLE)
VALUES('12','Classement','15/2');
INSERT INTO CODIFICATION(CODE,NATURE,LIBELLE)
VALUES('13','Classement','15/1');
INSERT INTO CODIFICATION(CODE,NATURE,LIBELLE)
VALUES('14','Classement','15');
INSERT INTO CODIFICATION(CODE,NATURE,LIBELLE)
VALUES('15','Classement','5/6');
INSERT INTO CODIFICATION(CODE,NATURE,LIBELLE)
VALUES('16','Classement','4/6');
INSERT INTO CODIFICATION(CODE,NATURE,LIBELLE)
VALUES('17','Classement','3/6');
INSERT INTO CODIFICATION(CODE,NATURE,LIBELLE)
VALUES('18','Classement','2/6');
INSERT INTO CODIFICATION(CODE,NATURE,LIBELLE)
VALUES('19','Classement','1/6');
INSERT INTO CODIFICATION(CODE,NATURE,LIBELLE)
VALUES('20','Classement','0');
INSERT INTO CODIFICATION(CODE,NATURE,LIBELLE)
VALUES('21','Classement','-2/6');
INSERT INTO CODIFICATION(CODE,NATURE,LIBELLE)
VALUES('22','Classement','-4/6');
INSERT INTO CODIFICATION(CODE,NATURE,LIBELLE)
VALUES('23','Classement','-15');
INSERT INTO CODIFICATION(CODE,NATURE,LIBELLE)
VALUES('24','Classement','-30');
INSERT INTO CODIFICATION(CODE,NATURE,LIBELLE)
VALUES('25','Classement','Promotion');
INSERT INTO CODIFICATION(CODE,NATURE,LIBELLE)
VALUES('26','Classement','1ère Série');
--Fin des codifications des niveaux pour les tables PERSONNE et ENTRAINEMENT

--Début des codifications des statuts pour la table PERSONNE
INSERT INTO CODIFICATION(CODE,NATURE,LIBELLE)
VALUES('V','ROLE','Visiteur');
INSERT INTO CODIFICATION(CODE,NATURE,LIBELLE)
VALUES('AD','ROLE','Adhérent');
INSERT INTO CODIFICATION(CODE,NATURE,LIBELLE)
VALUES('EMP','ROLE','Employé');
INSERT INTO CODIFICATION(CODE,NATURE,LIBELLE)
VALUES('ENT','ROLE','Entraineur');
INSERT INTO CODIFICATION(CODE,NATURE,LIBELLE)
VALUES('AG','ROLE','Agent d''accueil');
INSERT INTO CODIFICATION(CODE,NATURE,LIBELLE)
VALUES('ADMIN','ROLE','Administrateur');
--Fin des codifications des statuts pour la table PERSONNE

-- -----------------------------------------------------------------------------
--       TABLE : TERRAIN
-- -----------------------------------------------------------------------------

--Terrain n°1
INSERT INTO TERRAIN(CODE_SURFACE,NATURE_SURFACE,ACTIF)
VALUES('DURRA','Surface',1);
--Terrain n°2
INSERT INTO TERRAIN(CODE_SURFACE,NATURE_SURFACE,ACTIF)
VALUES('DURDE','Surface',1);
--Terrain n°3
INSERT INTO TERRAIN(CODE_SURFACE,NATURE_SURFACE,ACTIF)
VALUES('DURBE','Surface',1);
--Terrain n°4
INSERT INTO TERRAIN(CODE_SURFACE,NATURE_SURFACE,ACTIF)
VALUES('TERBA','Surface',1);
--Terrain n°5
INSERT INTO TERRAIN(CODE_SURFACE,NATURE_SURFACE,ACTIF)
VALUES('TERBA','Surface',1);
--Terrain n°6
INSERT INTO TERRAIN(CODE_SURFACE,NATURE_SURFACE,ACTIF)
VALUES('GAZON','Surface',1);
--Terrain n°7
INSERT INTO TERRAIN(CODE_SURFACE,NATURE_SURFACE,ACTIF)
VALUES('GAZON','Surface',1);
--Terrain n°8
INSERT INTO TERRAIN(CODE_SURFACE,NATURE_SURFACE,ACTIF)
VALUES('SYNGE','Surface',1);
--Terrain n°9
INSERT INTO TERRAIN(CODE_SURFACE,NATURE_SURFACE,ACTIF)
VALUES('SYNGE','Surface',1);
--Terrain n°10
INSERT INTO TERRAIN(CODE_SURFACE,NATURE_SURFACE,ACTIF)
VALUES('SYNGR','Surface',1);
--Terrain n°11
INSERT INTO TERRAIN(CODE_SURFACE,NATURE_SURFACE,ACTIF)
VALUES('SYNPA','Surface',1);
--Terrain n°12
INSERT INTO TERRAIN(CODE_SURFACE,NATURE_SURFACE,ACTIF)
VALUES('GAZSY','Surface',1);
--Terrain n°13
INSERT INTO TERRAIN(CODE_SURFACE,NATURE_SURFACE,ACTIF)
VALUES('GAZSY','Surface',1);
--Terrain n°14
INSERT INTO TERRAIN(CODE_SURFACE,NATURE_SURFACE,ACTIF)
VALUES('GAZSY','Surface',1);
--Terrain n°15
INSERT INTO TERRAIN(CODE_SURFACE,NATURE_SURFACE,ACTIF)
VALUES('TERBS','Surface',1);
--Terrain n°16
INSERT INTO TERRAIN(CODE_SURFACE,NATURE_SURFACE,ACTIF)
VALUES('ACRYL','Surface',1);
--Terrain n°17
INSERT INTO TERRAIN(CODE_SURFACE,NATURE_SURFACE,ACTIF)
VALUES('ASPHA','Surface',1);
--Terrain n°18
INSERT INTO TERRAIN(CODE_SURFACE,NATURE_SURFACE,ACTIF)
VALUES('GAZSY','Surface',1);
--Terrain n°19
INSERT INTO TERRAIN(CODE_SURFACE,NATURE_SURFACE,ACTIF)
VALUES('AUTBO','Surface',1);
--Terrain n°20
INSERT INTO TERRAIN(CODE_SURFACE,NATURE_SURFACE,ACTIF)
VALUES('AUTTB','Surface',1);
--Terrain n°21
INSERT INTO TERRAIN(CODE_SURFACE,NATURE_SURFACE,ACTIF)
VALUES('AUTTM','Surface',1);	

-- -----------------------------------------------------------------------------
--       TABLE : PERSONNE
-- -----------------------------------------------------------------------------

--Début des personnes de la table PERSONNE

DECLARE
	-- Déclaration d'un password crypté identique pour tout le monde (8 caractères en entrée de la fonction)
	crypted_password VARCHAR2(255);
	password VARCHAR2(8);
BEGIN
	password := '12071998';
	dbms_obfuscation_toolkit.DESEncrypt(input_string => password, 
										key_string => 'tennispro', 
										encrypted_string => crypted_password );
	
	--Personnes qui sont joueurs et employés
	--Personne n°1
	INSERT INTO PERSONNE(CODE_STATUT_EMPLOYE,NATURE_STATUT_EMPLOYE,CODE_NIVEAU,NATURE_NIVEAU,NOM_PERSONNE,
	PRENOM_PERSONNE,LOGIN_PERSONNE,MDP_PERSONNE,TEL_PERSONNE,EMAIL_PERSONNE,NUM_RUE_PERSONNE,
	CP_PERSONNE,VILLE_PERSONNE,NIVEAU_DROIT,ACTIF)
	VALUES('AG','ROLE','4','Classement','Longoria','Josianne','Jlongo',crypted_password,'0688455389','Josianne.Longoria@gmail.fr','20 grande rue','25000','Besançon',2,1);
	--Personne n°2
	INSERT INTO PERSONNE(CODE_STATUT_EMPLOYE,NATURE_STATUT_EMPLOYE,CODE_NIVEAU,NATURE_NIVEAU,
	NOM_PERSONNE,PRENOM_PERSONNE,LOGIN_PERSONNE,MDP_PERSONNE,TEL_PERSONNE,EMAIL_PERSONNE,NUM_RUE_PERSONNE,
	CP_PERSONNE,VILLE_PERSONNE,NIVEAU_DROIT,ACTIF)
	VALUES('EMP','ROLE','10','Classement','Ayew','André','AAyew',crypted_password,'0688952389','André.Ayew@gmail.fr','21 rue des muriers','25000','Besançon',2,1);
	--Personne n°3
	INSERT INTO PERSONNE(CODE_STATUT_EMPLOYE,NATURE_STATUT_EMPLOYE,CODE_NIVEAU,NATURE_NIVEAU,
	NOM_PERSONNE,PRENOM_PERSONNE,LOGIN_PERSONNE,MDP_PERSONNE,TEL_PERSONNE,EMAIL_PERSONNE,NUM_RUE_PERSONNE,
	CP_PERSONNE,VILLE_PERSONNE,NIVEAU_DROIT,ACTIF)
	VALUES('EMP','ROLE','7','Classement','Boudebouz','Ryad','Rboud',crypted_password,'0688642389','Ryad.Boduebouz@gmail.fr','1 rue des sommeliers','25000','Besançon',2,1);

	--Personnes qui sont uniquement employés
	--Personne n°4
	INSERT INTO PERSONNE(CODE_STATUT_EMPLOYE,NATURE_STATUT_EMPLOYE,CODE_NIVEAU,NATURE_NIVEAU,
	NOM_PERSONNE,PRENOM_PERSONNE,LOGIN_PERSONNE,MDP_PERSONNE,TEL_PERSONNE,EMAIL_PERSONNE,NUM_RUE_PERSONNE,
	CP_PERSONNE,VILLE_PERSONNE,NIVEAU_DROIT,ACTIF)
	VALUES('EMP','ROLE','1','Classement','Gameiro','Kévin','Kgame',crypted_password,'0685842389','Kevin.Gameiro@gmail.fr','5 rue de la route de lorient','25000','Besançon',2,1);
	--Personne n°5
	INSERT INTO PERSONNE(CODE_STATUT_EMPLOYE,NATURE_STATUT_EMPLOYE,CODE_NIVEAU,NATURE_NIVEAU,
	NOM_PERSONNE,PRENOM_PERSONNE,LOGIN_PERSONNE,MDP_PERSONNE,TEL_PERSONNE,EMAIL_PERSONNE,NUM_RUE_PERSONNE,
	CP_PERSONNE,VILLE_PERSONNE,NIVEAU_DROIT,ACTIF)
	VALUES('EMP','ROLE','1','Classement','Drogba','Didier','Ddrog',crypted_password,'0658842389','Didier.Drogba@gmail.fr','8 avenue de chelsea','25000','Besançon',2,1);
	--Personne n°6
	INSERT INTO PERSONNE(CODE_STATUT_EMPLOYE,NATURE_STATUT_EMPLOYE,CODE_NIVEAU,NATURE_NIVEAU,
	NOM_PERSONNE,PRENOM_PERSONNE,LOGIN_PERSONNE,MDP_PERSONNE,TEL_PERSONNE,EMAIL_PERSONNE,NUM_RUE_PERSONNE,
	CP_PERSONNE,VILLE_PERSONNE,NIVEAU_DROIT,ACTIF)
	VALUES('EMP','ROLE','1','Classement','Kalou','Salomon','SKale',crypted_password,'0658842389','Salomon.kalou@gmail.fr','5 avenue de la laurencie','25000','Besançon',2,1);
	--Personne n°7
	INSERT INTO PERSONNE(CODE_STATUT_EMPLOYE,NATURE_STATUT_EMPLOYE,CODE_NIVEAU,NATURE_NIVEAU,
	NOM_PERSONNE,PRENOM_PERSONNE,LOGIN_PERSONNE,MDP_PERSONNE,TEL_PERSONNE,EMAIL_PERSONNE,NUM_RUE_PERSONNE,
	CP_PERSONNE,VILLE_PERSONNE,NIVEAU_DROIT,ACTIF)
	VALUES('EMP','ROLE','1','Classement','Pedretti','Benoit','Bpedr',crypted_password,'0696842389','Benoi.pedretti@gmail.fr','45 rue de l''abbé deschamp','25000','Besançon',2,1);

	--Entraineurs
	--Personne n°8
	INSERT INTO PERSONNE(CODE_STATUT_EMPLOYE,NATURE_STATUT_EMPLOYE,CODE_NIVEAU,NATURE_NIVEAU,
	NOM_PERSONNE,PRENOM_PERSONNE,LOGIN_PERSONNE,MDP_PERSONNE,TEL_PERSONNE,EMAIL_PERSONNE,NUM_RUE_PERSONNE,
	CP_PERSONNE,VILLE_PERSONNE,NIVEAU_DROIT,ACTIF)
	VALUES('ENT','ROLE','11','Classement','Martin','Marvin','MMart',crypted_password,'0688452389','Marvin.Martin@gmail.fr','52 rue des acacias','25000','Besançon',2,1);
	--Personne n°9
	INSERT INTO PERSONNE(CODE_STATUT_EMPLOYE,NATURE_STATUT_EMPLOYE,CODE_NIVEAU,NATURE_NIVEAU,
	NOM_PERSONNE,PRENOM_PERSONNE,LOGIN_PERSONNE,MDP_PERSONNE,TEL_PERSONNE,EMAIL_PERSONNE,NUM_RUE_PERSONNE,
	CP_PERSONNE,VILLE_PERSONNE,NIVEAU_DROIT,ACTIF)
	VALUES('ENT','ROLE','13','Classement','Perquis','Damien','Dperq',crypted_password,'0658452389','Damien.Perquis@gmail.fr','21 rue du muguet','25000','Besançon',2,1);
	--Personne n°10
	INSERT INTO PERSONNE(CODE_STATUT_EMPLOYE,NATURE_STATUT_EMPLOYE,CODE_NIVEAU,NATURE_NIVEAU,
	NOM_PERSONNE,PRENOM_PERSONNE,LOGIN_PERSONNE,MDP_PERSONNE,TEL_PERSONNE,EMAIL_PERSONNE,NUM_RUE_PERSONNE,
	CP_PERSONNE,VILLE_PERSONNE,NIVEAU_DROIT,ACTIF)
	VALUES('ENT','ROLE','16','Classement','Dalmat','Stéphane','Sdalm',crypted_password,'0658845389','Stéphane.Dalmat@gmail.fr','56 rue de renne','25000','Besançon',2,1);
	--Personne n°11
	INSERT INTO PERSONNE(CODE_STATUT_EMPLOYE,NATURE_STATUT_EMPLOYE,CODE_NIVEAU,NATURE_NIVEAU,
	NOM_PERSONNE,PRENOM_PERSONNE,LOGIN_PERSONNE,MDP_PERSONNE,TEL_PERSONNE,EMAIL_PERSONNE,NUM_RUE_PERSONNE,
	CP_PERSONNE,VILLE_PERSONNE,NIVEAU_DROIT,ACTIF)
	VALUES('ENT','ROLE','25','Classement','Zidane','Zinedine','Zizou',crypted_password,'0600001230','Zinedine.Zidane@gmail.fr','98 rue des dieux','25000','Besançon',2,1);
	--Personne n°12
	INSERT INTO PERSONNE(CODE_STATUT_EMPLOYE,NATURE_STATUT_EMPLOYE,CODE_NIVEAU,NATURE_NIVEAU,
	NOM_PERSONNE,PRENOM_PERSONNE,LOGIN_PERSONNE,MDP_PERSONNE,TEL_PERSONNE,EMAIL_PERSONNE,NUM_RUE_PERSONNE,
	CP_PERSONNE,VILLE_PERSONNE,NIVEAU_DROIT,ACTIF)
	VALUES('ENT','ROLE','19','Classement','Blanc','Laurent','Lblan',crypted_password,'0684563695','Laurent.Blanc@gmail.fr','2 rue de la croatie','25000','Besançon',2,1);
	--Personne n°13
	INSERT INTO PERSONNE(CODE_STATUT_EMPLOYE,NATURE_STATUT_EMPLOYE,CODE_NIVEAU,NATURE_NIVEAU,
	NOM_PERSONNE,PRENOM_PERSONNE,LOGIN_PERSONNE,MDP_PERSONNE,TEL_PERSONNE,EMAIL_PERSONNE,NUM_RUE_PERSONNE,
	CP_PERSONNE,VILLE_PERSONNE,NIVEAU_DROIT,ACTIF)
	VALUES('ENT','ROLE','14','Classement','Petit','Emmanuel','Epeti',crypted_password,'0684555695','Emmanuel.Petit@gmail.fr','3 rue du brésil','25000','Besançon',2,1);

	--Joueurs adhérents
	--Personne n°14
	INSERT INTO PERSONNE(CODE_STATUT_EMPLOYE,NATURE_STATUT_EMPLOYE,CODE_NIVEAU,NATURE_NIVEAU,NOM_PERSONNE,PRENOM_PERSONNE,LOGIN_PERSONNE,
	MDP_PERSONNE,TEL_PERSONNE,EMAIL_PERSONNE,NUM_RUE_PERSONNE,CP_PERSONNE,VILLE_PERSONNE,STATUT_JOUEUR,NIVEAU_DROIT,ACTIF)
	VALUES('AD','ROLE','4','Classement','Mouloud','Jean-guy','Jmoul',crypted_password,'0688565389','Jean-guy.Mouloud@gmail.fr','6 rue des glacis','25000','Besançon','A',1,1);
	--Personne n°15
	INSERT INTO PERSONNE(CODE_STATUT_EMPLOYE,NATURE_STATUT_EMPLOYE,CODE_NIVEAU,NATURE_NIVEAU,NOM_PERSONNE,PRENOM_PERSONNE,LOGIN_PERSONNE,
	MDP_PERSONNE,TEL_PERSONNE,EMAIL_PERSONNE,NUM_RUE_PERSONNE,CP_PERSONNE,VILLE_PERSONNE,STATUT_JOUEUR,NIVEAU_DROIT,ACTIF)
	VALUES('AD','ROLE','10','Classement','Richert','Teddy','Trich',crypted_password,'0658565389','Teddy.Richert@gmail.fr','8 avenue des gardiens','25000','Besançon','A',1,1);
	--Personne n°16
	INSERT INTO PERSONNE(CODE_STATUT_EMPLOYE,NATURE_STATUT_EMPLOYE,CODE_NIVEAU,NATURE_NIVEAU,NOM_PERSONNE,PRENOM_PERSONNE,LOGIN_PERSONNE,
	MDP_PERSONNE,TEL_PERSONNE,EMAIL_PERSONNE,NUM_RUE_PERSONNE,CP_PERSONNE,VILLE_PERSONNE,STATUT_JOUEUR,NIVEAU_DROIT,ACTIF)
	VALUES('AD','ROLE','11','Classement','Duplus','Stéphane','Dstep',crypted_password,'0658595389','Stephane.duplus@gmail.fr','58 rue de la défense','25000','Besançon','A',1,1);
	--Personne n°17
	INSERT INTO PERSONNE(CODE_STATUT_EMPLOYE,NATURE_STATUT_EMPLOYE,CODE_NIVEAU,NATURE_NIVEAU,NOM_PERSONNE,PRENOM_PERSONNE,LOGIN_PERSONNE,
	MDP_PERSONNE,TEL_PERSONNE,EMAIL_PERSONNE,NUM_RUE_PERSONNE,CP_PERSONNE,VILLE_PERSONNE,STATUT_JOUEUR,NIVEAU_DROIT,ACTIF)
	VALUES('AD','ROLE','12','Classement','Anin','Kévin','Akevi',crypted_password,'0658595579','Kevin.Anin@gmail.fr','4 rue rouge','25000','Besançon','A',1,1);
	--Personne n°18
	INSERT INTO PERSONNE(CODE_STATUT_EMPLOYE,NATURE_STATUT_EMPLOYE,CODE_NIVEAU,NATURE_NIVEAU,NOM_PERSONNE,PRENOM_PERSONNE,LOGIN_PERSONNE,
	MDP_PERSONNE,TEL_PERSONNE,EMAIL_PERSONNE,NUM_RUE_PERSONNE,CP_PERSONNE,VILLE_PERSONNE,STATUT_JOUEUR,NIVEAU_DROIT,ACTIF)
	VALUES('AD','ROLE','13','Classement','Maïga','Modibo','MMaig',crypted_password,'0658545579','Mobido.Maïga@gmail.fr','56 grande rue','25000','Besançon','A',1,1);

	--Joueurs visiteurs
	--Personne n°19
	INSERT INTO PERSONNE(CODE_STATUT_EMPLOYE,NATURE_STATUT_EMPLOYE,CODE_NIVEAU,NATURE_NIVEAU,NOM_PERSONNE,PRENOM_PERSONNE,LOGIN_PERSONNE,
	MDP_PERSONNE,TEL_PERSONNE,EMAIL_PERSONNE,NUM_RUE_PERSONNE,CP_PERSONNE,VILLE_PERSONNE,STATUT_JOUEUR,NIVEAU_DROIT,ACTIF)
	VALUES('V','ROLE','1','Classement','Loeb','Sebastien','Sloeb',crypted_password,'0674545579','Sebastien.Loeb@gmail.fr','3 rue armand peugeot','25000','Besançon','V',1,1);
	--Personne n°20
	INSERT INTO PERSONNE(CODE_STATUT_EMPLOYE,NATURE_STATUT_EMPLOYE,CODE_NIVEAU,NATURE_NIVEAU,NOM_PERSONNE,PRENOM_PERSONNE,LOGIN_PERSONNE,
	MDP_PERSONNE,TEL_PERSONNE,EMAIL_PERSONNE,NUM_RUE_PERSONNE,CP_PERSONNE,VILLE_PERSONNE,STATUT_JOUEUR,NIVEAU_DROIT,ACTIF)
	VALUES('V','ROLE','3','Classement','Vettel','Sebastien','Svett',crypted_password,'0658545549','Sebastien.Vettel@gmail.fr','1 rue des champions','25000','Besançon','V',1,1);
	--Personne n°21
	INSERT INTO PERSONNE(CODE_STATUT_EMPLOYE,NATURE_STATUT_EMPLOYE,CODE_NIVEAU,NATURE_NIVEAU,NOM_PERSONNE,PRENOM_PERSONNE,LOGIN_PERSONNE,
	MDP_PERSONNE,TEL_PERSONNE,EMAIL_PERSONNE,NUM_RUE_PERSONNE,CP_PERSONNE,VILLE_PERSONNE,STATUT_JOUEUR,NIVEAU_DROIT,ACTIF)
	VALUES('V','ROLE','8','Classement','Hamilton','Lewis','Lhami',crypted_password,'0658544589','Lewis.Hamilton@gmail.fr','25 grande rue','25000','Besançon','V',1,1);
	--Personne n°22
	INSERT INTO PERSONNE(CODE_STATUT_EMPLOYE,NATURE_STATUT_EMPLOYE,CODE_NIVEAU,NATURE_NIVEAU,NOM_PERSONNE,PRENOM_PERSONNE,LOGIN_PERSONNE,
	MDP_PERSONNE,TEL_PERSONNE,EMAIL_PERSONNE,NUM_RUE_PERSONNE,CP_PERSONNE,VILLE_PERSONNE,STATUT_JOUEUR,NIVEAU_DROIT,ACTIF)
	VALUES('V','ROLE','9','Classement','Webber','Mark','Mwebb',crypted_password,'0658545749','Mark.Webber@gmail.fr','2 grande rue','25000','Besançon','V',1,1);
	
	--Administrateurs
	--Personne n°23
	INSERT INTO PERSONNE(CODE_STATUT_EMPLOYE,NATURE_STATUT_EMPLOYE,CODE_NIVEAU,NATURE_NIVEAU,NOM_PERSONNE,PRENOM_PERSONNE,LOGIN_PERSONNE,
	MDP_PERSONNE,TEL_PERSONNE,EMAIL_PERSONNE,NUM_RUE_PERSONNE,CP_PERSONNE,VILLE_PERSONNE,STATUT_JOUEUR,NIVEAU_DROIT,ACTIF)
	VALUES('ADMIN','ROLE','1','Classement','Gonzalves','Julien','jgonzalv',crypted_password,'0670917957','julien.gonzalves@gmail.fr','1 rue des fleurs','71700','Tournus','A',3,1);
	--Personne n°24
	INSERT INTO PERSONNE(CODE_STATUT_EMPLOYE,NATURE_STATUT_EMPLOYE,CODE_NIVEAU,NATURE_NIVEAU,NOM_PERSONNE,PRENOM_PERSONNE,LOGIN_PERSONNE,
	MDP_PERSONNE,TEL_PERSONNE,EMAIL_PERSONNE,NUM_RUE_PERSONNE,CP_PERSONNE,VILLE_PERSONNE,STATUT_JOUEUR,NIVEAU_DROIT,ACTIF)
	VALUES('ADMIN','ROLE','1','Classement','Leviste','Matthieu','mleviste',crypted_password,'0670917958','matthieu.leviste@gmail.fr','2 rue des fleurs','25000','Besançon','A',3,1);
	--Personne n°25
	INSERT INTO PERSONNE(CODE_STATUT_EMPLOYE,NATURE_STATUT_EMPLOYE,CODE_NIVEAU,NATURE_NIVEAU,NOM_PERSONNE,PRENOM_PERSONNE,LOGIN_PERSONNE,
	MDP_PERSONNE,TEL_PERSONNE,EMAIL_PERSONNE,NUM_RUE_PERSONNE,CP_PERSONNE,VILLE_PERSONNE,STATUT_JOUEUR,NIVEAU_DROIT,ACTIF)
	VALUES('ADMIN','ROLE','1','Classement','Joly','Renaud','rjoly',crypted_password,'0670917959','renaud.joly@gmail.fr','3 rue des fleurs','21000','Dijon','A',3,1);
	--Personne n°26
	INSERT INTO PERSONNE(CODE_STATUT_EMPLOYE,NATURE_STATUT_EMPLOYE,CODE_NIVEAU,NATURE_NIVEAU,NOM_PERSONNE,PRENOM_PERSONNE,LOGIN_PERSONNE,
	MDP_PERSONNE,TEL_PERSONNE,EMAIL_PERSONNE,NUM_RUE_PERSONNE,CP_PERSONNE,VILLE_PERSONNE,STATUT_JOUEUR,NIVEAU_DROIT,ACTIF)
	VALUES('ADMIN','ROLE','1','Classement','Invernizzi','David','dinverni',crypted_password,'0670917960','david.invernizzi@gmail.fr','4 rue des fleurs','90000','90000','A',3,1);
	
END;
/

--Fin des personnes de la table PERSONNE

-- -----------------------------------------------------------------------------
--       TABLE : ENTRAINEMENT
-- -----------------------------------------------------------------------------

--Début des entrainements de la table ENTRAINEMENT

--Entrainements récurrents des débutants, avec l'entraineur n°8
INSERT INTO ENTRAINEMENT (LIB_ENTRAINEMENT, NUM_ENTRAINEUR, CODE_NIVEAU, NATURE_NIVEAU, NB_PLACE_ENTRAINEMENT, DATE_DEBUT_ENTRAINEMENT, DATE_FIN_ENTRAINEMENT)
VALUES ('Entrainement 1', 8, '3','Classement', 8, '01/09/2011', '30/06/2012');
INSERT INTO ENTRAINEMENT (LIB_ENTRAINEMENT, NUM_ENTRAINEUR, CODE_NIVEAU, NATURE_NIVEAU, NB_PLACE_ENTRAINEMENT, DATE_DEBUT_ENTRAINEMENT, DATE_FIN_ENTRAINEMENT)
VALUES ('Entrainement 2', 8, '4','Classement', 6, '01/09/2011', '30/06/2012');
INSERT INTO ENTRAINEMENT (LIB_ENTRAINEMENT, NUM_ENTRAINEUR, CODE_NIVEAU, NATURE_NIVEAU, NB_PLACE_ENTRAINEMENT, DATE_DEBUT_ENTRAINEMENT, DATE_FIN_ENTRAINEMENT)
VALUES ('Entrainement 3', 8, '5','Classement', 4, '01/09/2011', '30/06/2012');
INSERT INTO ENTRAINEMENT (LIB_ENTRAINEMENT, NUM_ENTRAINEUR, CODE_NIVEAU, NATURE_NIVEAU, NB_PLACE_ENTRAINEMENT, DATE_DEBUT_ENTRAINEMENT, DATE_FIN_ENTRAINEMENT)
VALUES ('Entrainement 4', 8, '6','Classement', 4, '01/09/2011', '30/06/2012');
INSERT INTO ENTRAINEMENT (LIB_ENTRAINEMENT, NUM_ENTRAINEUR, CODE_NIVEAU, NATURE_NIVEAU, NB_PLACE_ENTRAINEMENT, DATE_DEBUT_ENTRAINEMENT, DATE_FIN_ENTRAINEMENT)
VALUES ('Entrainement 5', 8, '7','Classement', 4, '01/09/2011', '30/06/2012');
INSERT INTO ENTRAINEMENT (LIB_ENTRAINEMENT, NUM_ENTRAINEUR, CODE_NIVEAU, NATURE_NIVEAU, NB_PLACE_ENTRAINEMENT, DATE_DEBUT_ENTRAINEMENT, DATE_FIN_ENTRAINEMENT)
VALUES ('Entrainement 6', 8, '8','Classement', 4, '01/09/2011', '30/06/2012');

--Entrainements récurrents des confirmés, avec l'entraineur n°10
INSERT INTO ENTRAINEMENT (LIB_ENTRAINEMENT, NUM_ENTRAINEUR, CODE_NIVEAU, NATURE_NIVEAU, NB_PLACE_ENTRAINEMENT, DATE_DEBUT_ENTRAINEMENT, DATE_FIN_ENTRAINEMENT)
VALUES ('Entrainement 7', 10, '9','Classement', 8, '01/10/2011', '31/05/2012');
INSERT INTO ENTRAINEMENT (LIB_ENTRAINEMENT, NUM_ENTRAINEUR, CODE_NIVEAU, NATURE_NIVEAU, NB_PLACE_ENTRAINEMENT, DATE_DEBUT_ENTRAINEMENT, DATE_FIN_ENTRAINEMENT)
VALUES ('Entrainement 8', 10, '10','Classement', 4, '01/10/2011', '31/05/2012');
INSERT INTO ENTRAINEMENT (LIB_ENTRAINEMENT, NUM_ENTRAINEUR, CODE_NIVEAU, NATURE_NIVEAU, NB_PLACE_ENTRAINEMENT, DATE_DEBUT_ENTRAINEMENT, DATE_FIN_ENTRAINEMENT)
VALUES ('Entrainement 9', 10, '11','Classement', 4, '01/10/2011', '31/05/2012');
INSERT INTO ENTRAINEMENT (LIB_ENTRAINEMENT, NUM_ENTRAINEUR, CODE_NIVEAU, NATURE_NIVEAU, NB_PLACE_ENTRAINEMENT, DATE_DEBUT_ENTRAINEMENT, DATE_FIN_ENTRAINEMENT)
VALUES ('Entrainement 10', 10, '12','Classement', 4, '01/10/2011', '31/05/2012');
INSERT INTO ENTRAINEMENT (LIB_ENTRAINEMENT, NUM_ENTRAINEUR, CODE_NIVEAU, NATURE_NIVEAU, NB_PLACE_ENTRAINEMENT, DATE_DEBUT_ENTRAINEMENT, DATE_FIN_ENTRAINEMENT)
VALUES ('Entrainement 11', 10, '13','Classement', 4, '01/10/2011', '31/05/2012');
INSERT INTO ENTRAINEMENT (LIB_ENTRAINEMENT, NUM_ENTRAINEUR, CODE_NIVEAU, NATURE_NIVEAU, NB_PLACE_ENTRAINEMENT, DATE_DEBUT_ENTRAINEMENT, DATE_FIN_ENTRAINEMENT)
VALUES ('Entrainement 12', 10, '14','Classement', 4, '01/10/2011', '31/05/2012');

--Entrainements non récurrents des experts, avec l'entraineur n°11
INSERT INTO ENTRAINEMENT (LIB_ENTRAINEMENT, NUM_ENTRAINEUR, CODE_NIVEAU, NATURE_NIVEAU, NB_PLACE_ENTRAINEMENT, DATE_DEBUT_ENTRAINEMENT, DATE_FIN_ENTRAINEMENT)
VALUES ('Entrainement 13', 11, '15','Classement', 8, '01/08/2011', '30/06/2012');
INSERT INTO ENTRAINEMENT (LIB_ENTRAINEMENT, NUM_ENTRAINEUR, CODE_NIVEAU, NATURE_NIVEAU, NB_PLACE_ENTRAINEMENT, DATE_DEBUT_ENTRAINEMENT, DATE_FIN_ENTRAINEMENT)
VALUES ('Entrainement 14', 11, '16','Classement', 4, '01/08/2011', '30/06/2012');
INSERT INTO ENTRAINEMENT (LIB_ENTRAINEMENT, NUM_ENTRAINEUR, CODE_NIVEAU, NATURE_NIVEAU, NB_PLACE_ENTRAINEMENT, DATE_DEBUT_ENTRAINEMENT, DATE_FIN_ENTRAINEMENT)
VALUES ('Entrainement 15', 11, '17','Classement', 4, '01/08/2011', '30/06/2012');
INSERT INTO ENTRAINEMENT (LIB_ENTRAINEMENT, NUM_ENTRAINEUR, CODE_NIVEAU, NATURE_NIVEAU, NB_PLACE_ENTRAINEMENT, DATE_DEBUT_ENTRAINEMENT, DATE_FIN_ENTRAINEMENT)
VALUES ('Entrainement 16', 11, '18','Classement', 4, '01/08/2011', '30/06/2012');
INSERT INTO ENTRAINEMENT (LIB_ENTRAINEMENT, NUM_ENTRAINEUR, CODE_NIVEAU, NATURE_NIVEAU, NB_PLACE_ENTRAINEMENT, DATE_DEBUT_ENTRAINEMENT, DATE_FIN_ENTRAINEMENT)
VALUES ('Entrainement 17', 11, '19','Classement', 4, '01/08/2011', '30/06/2012');
INSERT INTO ENTRAINEMENT (LIB_ENTRAINEMENT, NUM_ENTRAINEUR, CODE_NIVEAU, NATURE_NIVEAU, NB_PLACE_ENTRAINEMENT, DATE_DEBUT_ENTRAINEMENT, DATE_FIN_ENTRAINEMENT)
VALUES ('Entrainement 18', 11, '20','Classement', 4, '01/08/2011', '30/06/2012');

--Fin des entrainements de la table ENTRAINEMENT

-- -----------------------------------------------------------------------------
--       TABLE : CRENEAU
-- -----------------------------------------------------------------------------

--Début des créneaux de la table CRENEAU

--Les créneaux d'une durée d'une heure
INSERT INTO CRENEAU(HEURE_DEBUT_CRENEAU, HEURE_FIN_CRENEAU)
VALUES('07h00','08h00');  
INSERT INTO CRENEAU(HEURE_DEBUT_CRENEAU, HEURE_FIN_CRENEAU)
VALUES('08h00','09h00');  
INSERT INTO CRENEAU(HEURE_DEBUT_CRENEAU, HEURE_FIN_CRENEAU)
VALUES('09h00','10h00');  
INSERT INTO CRENEAU(HEURE_DEBUT_CRENEAU, HEURE_FIN_CRENEAU)
VALUES('10h00','11h00');  
INSERT INTO CRENEAU(HEURE_DEBUT_CRENEAU, HEURE_FIN_CRENEAU)
VALUES('11h00','12h00');  
INSERT INTO CRENEAU(HEURE_DEBUT_CRENEAU, HEURE_FIN_CRENEAU)
VALUES('12h00','13h00'); 
INSERT INTO CRENEAU(HEURE_DEBUT_CRENEAU, HEURE_FIN_CRENEAU)
VALUES('13h00','14h00'); 
INSERT INTO CRENEAU(HEURE_DEBUT_CRENEAU, HEURE_FIN_CRENEAU)
VALUES('14h00','15h00'); 
INSERT INTO CRENEAU(HEURE_DEBUT_CRENEAU, HEURE_FIN_CRENEAU)
VALUES('15h00','16h00');
INSERT INTO CRENEAU(HEURE_DEBUT_CRENEAU, HEURE_FIN_CRENEAU)
VALUES('16h00','17h00');
INSERT INTO CRENEAU(HEURE_DEBUT_CRENEAU, HEURE_FIN_CRENEAU)
VALUES('17h00','18h00');
INSERT INTO CRENEAU(HEURE_DEBUT_CRENEAU, HEURE_FIN_CRENEAU)
VALUES('18h00','19h00');
INSERT INTO CRENEAU(HEURE_DEBUT_CRENEAU, HEURE_FIN_CRENEAU)
VALUES('19h00','20h00');
INSERT INTO CRENEAU(HEURE_DEBUT_CRENEAU, HEURE_FIN_CRENEAU)
VALUES('20h00','21h00');
INSERT INTO CRENEAU(HEURE_DEBUT_CRENEAU, HEURE_FIN_CRENEAU)
VALUES('21h00','22h00');

--Fin des créneaux de la table CRENEAU

-- -----------------------------------------------------------------------------
--       TABLE : OCCUPER
-- -----------------------------------------------------------------------------

--Fonction permettant d'ajouter les occupations associées à une séance
create or replace procedure add_occupation_seance(
	  vheureDebutCreneau IN CHAR
	, vnumTerrain IN NUMBER
	, vnumJour IN NUMBER
	, vnumEntrainement IN NUMBER)
IS
	vdateDebut Date;
	vdateFin Date;
	vincrementDate Date;
	vnumJourDebut NUMBER(1);
	vnumSeance NUMBER(3);
BEGIN
	select date_debut_entrainement into vdateDebut from entrainement where num_entrainement=vnumEntrainement;
	select date_fin_entrainement into vdateFin from entrainement where num_entrainement=vnumEntrainement;
	select to_char(vdateDebut,'D') into vnumJourDebut from entrainement where num_entrainement=vnumEntrainement;
		
	if(vnumjour>=vnumJourDebut)
	then
		vincrementDate:=vdateDebut+(vnumjour-vnumJourDebut);
	else
		vincrementDate:=vdateDebut+(7-vnumJourDebut+vnumJour);
	end if;
	WHILE trunc(vincrementDate) <= trunc(vdateFin)
	LOOP
		INSERT INTO OCCUPER(HEURE_DEBUT_CRENEAU,NUM_TERRAIN,DATE_OCCUPATION,NUM_ENTRAINEMENT,NUM_SEANCE)
		VALUES(vheureDebutCreneau,vnumTerrain,vincrementDate,vnumEntrainement,vnumSeance);
		vincrementDate:=vincrementDate+7;
		vnumSeance:=vnumSeance+1;
	END LOOP;
END add_occupation_seance;
/ 
--Fin de la fonction permettant d'ajouter les occupations associées à une séance

-- -----------------------------------------------------------------------------
--       TABLE : AVOIR_LIEU
-- -----------------------------------------------------------------------------

--Début des enregistrements de la table AVOIR_LIEU et appel de la fonction ajoutant les occupations
INSERT INTO AVOIR_LIEU(HEURE_DEBUT_CRENEAU,NUM_TERRAIN,NUM_JOUR,NUM_ENTRAINEMENT)
VALUES('19h00',1,1,1); 
execute add_occupation_seance('19h00',1,1,1); 
INSERT INTO AVOIR_LIEU(HEURE_DEBUT_CRENEAU,NUM_TERRAIN,NUM_JOUR,NUM_ENTRAINEMENT)
VALUES('19h00',1,3,1); 
execute add_occupation_seance('19h00',1,3,1); 
INSERT INTO AVOIR_LIEU(HEURE_DEBUT_CRENEAU,NUM_TERRAIN,NUM_JOUR,NUM_ENTRAINEMENT)
VALUES('14h00',1,6,1); 
execute add_occupation_seance('14h00',1,6,1); 
INSERT INTO AVOIR_LIEU(HEURE_DEBUT_CRENEAU,NUM_TERRAIN,NUM_JOUR,NUM_ENTRAINEMENT)
VALUES('20h00',2,2,2); 
execute add_occupation_seance('20h00',2,2,2); 
INSERT INTO AVOIR_LIEU(HEURE_DEBUT_CRENEAU,NUM_TERRAIN,NUM_JOUR,NUM_ENTRAINEMENT)
VALUES('16h00',3,4,3); 
execute add_occupation_seance('16h00',3,4,3); 
INSERT INTO AVOIR_LIEU(HEURE_DEBUT_CRENEAU,NUM_TERRAIN,NUM_JOUR,NUM_ENTRAINEMENT)
VALUES('15h00',4,5,4); 
execute add_occupation_seance('15h00',4,5,4); 
INSERT INTO AVOIR_LIEU(HEURE_DEBUT_CRENEAU,NUM_TERRAIN,NUM_JOUR,NUM_ENTRAINEMENT)
VALUES('20h00',4,2,4); 
execute add_occupation_seance('20h00',4,2,4); 
INSERT INTO AVOIR_LIEU(HEURE_DEBUT_CRENEAU,NUM_TERRAIN,NUM_JOUR,NUM_ENTRAINEMENT)
VALUES('16h00',5,3,5); 
execute add_occupation_seance('16h00',5,3,5); 
INSERT INTO AVOIR_LIEU(HEURE_DEBUT_CRENEAU,NUM_TERRAIN,NUM_JOUR,NUM_ENTRAINEMENT)
VALUES('18h00',6,1,6); 
execute add_occupation_seance('18h00',6,1,6); 
INSERT INTO AVOIR_LIEU(HEURE_DEBUT_CRENEAU,NUM_TERRAIN,NUM_JOUR,NUM_ENTRAINEMENT)
VALUES('10h00',7,6,7); 
execute add_occupation_seance('10h00',7,6,7); 
INSERT INTO AVOIR_LIEU(HEURE_DEBUT_CRENEAU,NUM_TERRAIN,NUM_JOUR,NUM_ENTRAINEMENT)
VALUES('11h00',8,6,8); 
execute add_occupation_seance('11h00',8,6,8); 
INSERT INTO AVOIR_LIEU(HEURE_DEBUT_CRENEAU,NUM_TERRAIN,NUM_JOUR,NUM_ENTRAINEMENT)
VALUES('09h00',9,6,9); 
execute add_occupation_seance('09h00',9,6,9); 
INSERT INTO AVOIR_LIEU(HEURE_DEBUT_CRENEAU,NUM_TERRAIN,NUM_JOUR,NUM_ENTRAINEMENT)
VALUES('15h00',10,6,10); 
execute add_occupation_seance('15h00',10,6,10); 
INSERT INTO AVOIR_LIEU(HEURE_DEBUT_CRENEAU,NUM_TERRAIN,NUM_JOUR,NUM_ENTRAINEMENT)
VALUES('20h00',11,2,11); 
execute add_occupation_seance('20h00',11,2,11); 
INSERT INTO AVOIR_LIEU(HEURE_DEBUT_CRENEAU,NUM_TERRAIN,NUM_JOUR,NUM_ENTRAINEMENT)
VALUES('20h00',12,4,12); 
execute add_occupation_seance('20h00',12,4,12); 
INSERT INTO AVOIR_LIEU(HEURE_DEBUT_CRENEAU,NUM_TERRAIN,NUM_JOUR,NUM_ENTRAINEMENT)
VALUES('14h00',13,5,13); 
execute add_occupation_seance('14h00',13,5,13); 
INSERT INTO AVOIR_LIEU(HEURE_DEBUT_CRENEAU,NUM_TERRAIN,NUM_JOUR,NUM_ENTRAINEMENT)
VALUES('16h00',14,1,14); 
execute add_occupation_seance('16h00',14,1,14); 
INSERT INTO AVOIR_LIEU(HEURE_DEBUT_CRENEAU,NUM_TERRAIN,NUM_JOUR,NUM_ENTRAINEMENT)
VALUES('20h00',15,2,15); 
execute add_occupation_seance('20h00',15,2,15); 
INSERT INTO AVOIR_LIEU(HEURE_DEBUT_CRENEAU,NUM_TERRAIN,NUM_JOUR,NUM_ENTRAINEMENT)
VALUES('20h00',15,4,15); 
execute add_occupation_seance('20h00',15,4,15); 
INSERT INTO AVOIR_LIEU(HEURE_DEBUT_CRENEAU,NUM_TERRAIN,NUM_JOUR,NUM_ENTRAINEMENT)
VALUES('14h00',16,4,16); 
execute add_occupation_seance('14h00',16,4,16); 
INSERT INTO AVOIR_LIEU(HEURE_DEBUT_CRENEAU,NUM_TERRAIN,NUM_JOUR,NUM_ENTRAINEMENT)
VALUES('16h00',17,4,17); 
execute add_occupation_seance('16h00',17,4,17); 
INSERT INTO AVOIR_LIEU(HEURE_DEBUT_CRENEAU,NUM_TERRAIN,NUM_JOUR,NUM_ENTRAINEMENT)
VALUES('18h00',17,4,17); 
execute add_occupation_seance('18h00',17,4,17); 
INSERT INTO AVOIR_LIEU(HEURE_DEBUT_CRENEAU,NUM_TERRAIN,NUM_JOUR,NUM_ENTRAINEMENT)
VALUES('19h00',18,1,18); 
execute add_occupation_seance('19h00',18,1,18); 
INSERT INTO AVOIR_LIEU(HEURE_DEBUT_CRENEAU,NUM_TERRAIN,NUM_JOUR,NUM_ENTRAINEMENT)
VALUES('20h00',18,5,18); 
execute add_occupation_seance('20h00',18,5,18); 

drop procedure add_occupation_seance;

--Fin des enregistrements de la table AVOIR_LIEU

-- -----------------------------------------------------------------------------
--       TABLES : ABONNEMENT ET MENSUALITE
-- -----------------------------------------------------------------------------

-- Anciens abonnements et mensualités de la personne 1, qui n'est plus adhérente (NUM_ABONNEMENT à 1 avec la séquence)
INSERT INTO ABONNEMENT(NUM_JOUEUR, DATE_DEBUT_ABONNEMENT)
VALUES(1, to_date('01/01/2010','DD/MM/YYYY'));
INSERT INTO MENSUALITE(NUM_ABONNEMENT, ANNEE_MOIS_MENSUALITE, NB_HEURES_MENSUALITE)
VALUES(1, to_date('01/2010','MM/YYYY'), 2);
INSERT INTO MENSUALITE(NUM_ABONNEMENT, ANNEE_MOIS_MENSUALITE, NB_HEURES_MENSUALITE)
VALUES(1, to_date('02/2010','MM/YYYY'), 5);
INSERT INTO MENSUALITE(NUM_ABONNEMENT, ANNEE_MOIS_MENSUALITE, NB_HEURES_MENSUALITE)
VALUES(1, to_date('03/2010','MM/YYYY'), 4);
INSERT INTO MENSUALITE(NUM_ABONNEMENT, ANNEE_MOIS_MENSUALITE, NB_HEURES_MENSUALITE)
VALUES(1, to_date('04/2010','MM/YYYY'), 6);
INSERT INTO MENSUALITE(NUM_ABONNEMENT, ANNEE_MOIS_MENSUALITE, NB_HEURES_MENSUALITE)
VALUES(1, to_date('05/2010','MM/YYYY'), 4);
INSERT INTO MENSUALITE(NUM_ABONNEMENT, ANNEE_MOIS_MENSUALITE)
VALUES(1, to_date('06/2010','MM/YYYY'));
INSERT INTO MENSUALITE(NUM_ABONNEMENT, ANNEE_MOIS_MENSUALITE, NB_HEURES_MENSUALITE)
VALUES(1, to_date('07/2010','MM/YYYY'), 0);
INSERT INTO MENSUALITE(NUM_ABONNEMENT, ANNEE_MOIS_MENSUALITE, NB_HEURES_MENSUALITE)
VALUES(1, to_date('08/2010','MM/YYYY'), 0);
INSERT INTO MENSUALITE(NUM_ABONNEMENT, ANNEE_MOIS_MENSUALITE, NB_HEURES_MENSUALITE)
VALUES(1, to_date('09/2010','MM/YYYY'), 0);
INSERT INTO MENSUALITE(NUM_ABONNEMENT, ANNEE_MOIS_MENSUALITE, NB_HEURES_MENSUALITE)
VALUES(1, to_date('10/2010','MM/YYYY'), 2);
INSERT INTO MENSUALITE(NUM_ABONNEMENT, ANNEE_MOIS_MENSUALITE, NB_HEURES_MENSUALITE)
VALUES(1, to_date('11/2010','MM/YYYY'), 6);
INSERT INTO MENSUALITE(NUM_ABONNEMENT, ANNEE_MOIS_MENSUALITE)
VALUES(1, to_date('12/2010','MM/YYYY'));

-- Abonnements et mensualités de l'adhérent 14 (NUM_ABONNEMENT à 2 et 3 avec la séquence)
INSERT INTO ABONNEMENT(NUM_JOUEUR, DATE_DEBUT_ABONNEMENT)
VALUES(14, to_date('01/01/2010','DD/MM/YYYY'));
INSERT INTO MENSUALITE(NUM_ABONNEMENT, ANNEE_MOIS_MENSUALITE, NB_HEURES_MENSUALITE)
VALUES(2, to_date('01/2010','MM/YYYY'), 2);
INSERT INTO MENSUALITE(NUM_ABONNEMENT, ANNEE_MOIS_MENSUALITE, NB_HEURES_MENSUALITE)
VALUES(2, to_date('02/2010','MM/YYYY'), 5);
INSERT INTO MENSUALITE(NUM_ABONNEMENT, ANNEE_MOIS_MENSUALITE, NB_HEURES_MENSUALITE)
VALUES(2, to_date('03/2010','MM/YYYY'), 4);
INSERT INTO MENSUALITE(NUM_ABONNEMENT, ANNEE_MOIS_MENSUALITE, NB_HEURES_MENSUALITE)
VALUES(2, to_date('04/2010','MM/YYYY'), 6);
INSERT INTO MENSUALITE(NUM_ABONNEMENT, ANNEE_MOIS_MENSUALITE, NB_HEURES_MENSUALITE)
VALUES(2, to_date('05/2010','MM/YYYY'), 4);
INSERT INTO MENSUALITE(NUM_ABONNEMENT, ANNEE_MOIS_MENSUALITE)
VALUES(2, to_date('06/2010','MM/YYYY'));
INSERT INTO MENSUALITE(NUM_ABONNEMENT, ANNEE_MOIS_MENSUALITE, NB_HEURES_MENSUALITE)
VALUES(2, to_date('07/2010','MM/YYYY'), 0);
INSERT INTO MENSUALITE(NUM_ABONNEMENT, ANNEE_MOIS_MENSUALITE, NB_HEURES_MENSUALITE)
VALUES(2, to_date('08/2010','MM/YYYY'), 0);
INSERT INTO MENSUALITE(NUM_ABONNEMENT, ANNEE_MOIS_MENSUALITE, NB_HEURES_MENSUALITE)
VALUES(2, to_date('09/2010','MM/YYYY'), 0);
INSERT INTO MENSUALITE(NUM_ABONNEMENT, ANNEE_MOIS_MENSUALITE, NB_HEURES_MENSUALITE)
VALUES(2, to_date('10/2010','MM/YYYY'), 2);
INSERT INTO MENSUALITE(NUM_ABONNEMENT, ANNEE_MOIS_MENSUALITE, NB_HEURES_MENSUALITE)
VALUES(2, to_date('11/2010','MM/YYYY'), 6);
INSERT INTO MENSUALITE(NUM_ABONNEMENT, ANNEE_MOIS_MENSUALITE)
VALUES(2, to_date('12/2010','MM/YYYY'));

INSERT INTO ABONNEMENT(NUM_JOUEUR, DATE_DEBUT_ABONNEMENT)
VALUES(14, to_date('01/01/2011','DD/MM/YYYY'));
INSERT INTO MENSUALITE(NUM_ABONNEMENT, ANNEE_MOIS_MENSUALITE, NB_HEURES_MENSUALITE)
VALUES(3, to_date('01/2011','MM/YYYY'), 4);
INSERT INTO MENSUALITE(NUM_ABONNEMENT, ANNEE_MOIS_MENSUALITE, NB_HEURES_MENSUALITE)
VALUES(3, to_date('02/2011','MM/YYYY'), 2);
INSERT INTO MENSUALITE(NUM_ABONNEMENT, ANNEE_MOIS_MENSUALITE, NB_HEURES_MENSUALITE)
VALUES(3, to_date('03/2011','MM/YYYY'), 0);
INSERT INTO MENSUALITE(NUM_ABONNEMENT, ANNEE_MOIS_MENSUALITE, NB_HEURES_MENSUALITE)
VALUES(3, to_date('04/2011','MM/YYYY'), 0);
INSERT INTO MENSUALITE(NUM_ABONNEMENT, ANNEE_MOIS_MENSUALITE, NB_HEURES_MENSUALITE)
VALUES(3, to_date('05/2011','MM/YYYY'), 2);
INSERT INTO MENSUALITE(NUM_ABONNEMENT, ANNEE_MOIS_MENSUALITE)
VALUES(3, to_date('06/2011','MM/YYYY'));
INSERT INTO MENSUALITE(NUM_ABONNEMENT, ANNEE_MOIS_MENSUALITE)
VALUES(3, to_date('07/2011','MM/YYYY'));
INSERT INTO MENSUALITE(NUM_ABONNEMENT, ANNEE_MOIS_MENSUALITE)
VALUES(3, to_date('08/2011','MM/YYYY'));
INSERT INTO MENSUALITE(NUM_ABONNEMENT, ANNEE_MOIS_MENSUALITE)
VALUES(3, to_date('09/2011','MM/YYYY'));
INSERT INTO MENSUALITE(NUM_ABONNEMENT, ANNEE_MOIS_MENSUALITE)
VALUES(3, to_date('10/2011','MM/YYYY'));
INSERT INTO MENSUALITE(NUM_ABONNEMENT, ANNEE_MOIS_MENSUALITE)
VALUES(3, to_date('11/2011','MM/YYYY'));
INSERT INTO MENSUALITE(NUM_ABONNEMENT, ANNEE_MOIS_MENSUALITE)
VALUES(3, to_date('12/2011','MM/YYYY'));

-- Abonnements et mensualités de l'adhérent 15 (NUM_ABONNEMENT à 4 avec la séquence)
INSERT INTO ABONNEMENT(NUM_JOUEUR, DATE_DEBUT_ABONNEMENT)
VALUES(15, to_date('01/01/2011','DD/MM/YYYY'));
INSERT INTO MENSUALITE(NUM_ABONNEMENT, ANNEE_MOIS_MENSUALITE, NB_HEURES_MENSUALITE)
VALUES(4, to_date('01/2011','MM/YYYY'), 3);
INSERT INTO MENSUALITE(NUM_ABONNEMENT, ANNEE_MOIS_MENSUALITE, NB_HEURES_MENSUALITE)
VALUES(4, to_date('02/2011','MM/YYYY'), 5);
INSERT INTO MENSUALITE(NUM_ABONNEMENT, ANNEE_MOIS_MENSUALITE, NB_HEURES_MENSUALITE)
VALUES(4, to_date('03/2011','MM/YYYY'), 0);
INSERT INTO MENSUALITE(NUM_ABONNEMENT, ANNEE_MOIS_MENSUALITE, NB_HEURES_MENSUALITE)
VALUES(4, to_date('04/2011','MM/YYYY'), 1);
INSERT INTO MENSUALITE(NUM_ABONNEMENT, ANNEE_MOIS_MENSUALITE, NB_HEURES_MENSUALITE)
VALUES(4, to_date('05/2011','MM/YYYY'), 6);
INSERT INTO MENSUALITE(NUM_ABONNEMENT, ANNEE_MOIS_MENSUALITE)
VALUES(4, to_date('06/2011','MM/YYYY'));
INSERT INTO MENSUALITE(NUM_ABONNEMENT, ANNEE_MOIS_MENSUALITE)
VALUES(4, to_date('07/2011','MM/YYYY'));
INSERT INTO MENSUALITE(NUM_ABONNEMENT, ANNEE_MOIS_MENSUALITE)
VALUES(4, to_date('08/2011','MM/YYYY'));
INSERT INTO MENSUALITE(NUM_ABONNEMENT, ANNEE_MOIS_MENSUALITE)
VALUES(4, to_date('09/2011','MM/YYYY'));
INSERT INTO MENSUALITE(NUM_ABONNEMENT, ANNEE_MOIS_MENSUALITE)
VALUES(4, to_date('10/2011','MM/YYYY'));
INSERT INTO MENSUALITE(NUM_ABONNEMENT, ANNEE_MOIS_MENSUALITE)
VALUES(4, to_date('11/2011','MM/YYYY'));
INSERT INTO MENSUALITE(NUM_ABONNEMENT, ANNEE_MOIS_MENSUALITE)
VALUES(4, to_date('12/2011','MM/YYYY'));

-- Abonnements et mensualités de l'adhérent 16 (NUM_ABONNEMENT à 5 et 6 avec la séquence)
INSERT INTO ABONNEMENT(NUM_JOUEUR, DATE_DEBUT_ABONNEMENT, DUREE_ABONNEMENT)
VALUES(16, to_date('01/01/2011','DD/MM/YYYY'), 6);
INSERT INTO MENSUALITE(NUM_ABONNEMENT, ANNEE_MOIS_MENSUALITE, NB_HEURES_MENSUALITE)
VALUES(5, to_date('01/2011','MM/YYYY'), 0);
INSERT INTO MENSUALITE(NUM_ABONNEMENT, ANNEE_MOIS_MENSUALITE, NB_HEURES_MENSUALITE)
VALUES(5, to_date('02/2011','MM/YYYY'), 1);
INSERT INTO MENSUALITE(NUM_ABONNEMENT, ANNEE_MOIS_MENSUALITE, NB_HEURES_MENSUALITE)
VALUES(5, to_date('03/2011','MM/YYYY'), 0);
INSERT INTO MENSUALITE(NUM_ABONNEMENT, ANNEE_MOIS_MENSUALITE, NB_HEURES_MENSUALITE)
VALUES(5, to_date('04/2011','MM/YYYY'), 1);
INSERT INTO MENSUALITE(NUM_ABONNEMENT, ANNEE_MOIS_MENSUALITE, NB_HEURES_MENSUALITE)
VALUES(5, to_date('05/2011','MM/YYYY'), 3);
INSERT INTO MENSUALITE(NUM_ABONNEMENT, ANNEE_MOIS_MENSUALITE)
VALUES(5, to_date('06/2011','MM/YYYY'));

INSERT INTO ABONNEMENT(NUM_JOUEUR, DATE_DEBUT_ABONNEMENT)
VALUES(16, to_date('01/07/2011','DD/MM/YYYY'));
INSERT INTO MENSUALITE(NUM_ABONNEMENT, ANNEE_MOIS_MENSUALITE)
VALUES(6, to_date('07/2011','MM/YYYY'));
INSERT INTO MENSUALITE(NUM_ABONNEMENT, ANNEE_MOIS_MENSUALITE)
VALUES(6, to_date('08/2011','MM/YYYY'));
INSERT INTO MENSUALITE(NUM_ABONNEMENT, ANNEE_MOIS_MENSUALITE)
VALUES(6, to_date('09/2011','MM/YYYY'));
INSERT INTO MENSUALITE(NUM_ABONNEMENT, ANNEE_MOIS_MENSUALITE)
VALUES(6, to_date('10/2011','MM/YYYY'));
INSERT INTO MENSUALITE(NUM_ABONNEMENT, ANNEE_MOIS_MENSUALITE)
VALUES(6, to_date('11/2011','MM/YYYY'));
INSERT INTO MENSUALITE(NUM_ABONNEMENT, ANNEE_MOIS_MENSUALITE)
VALUES(6, to_date('12/2011','MM/YYYY'));
INSERT INTO MENSUALITE(NUM_ABONNEMENT, ANNEE_MOIS_MENSUALITE, NB_HEURES_MENSUALITE)
VALUES(6, to_date('01/2012','MM/YYYY'), 0);
INSERT INTO MENSUALITE(NUM_ABONNEMENT, ANNEE_MOIS_MENSUALITE, NB_HEURES_MENSUALITE)
VALUES(6, to_date('02/2012','MM/YYYY'), 1);
INSERT INTO MENSUALITE(NUM_ABONNEMENT, ANNEE_MOIS_MENSUALITE, NB_HEURES_MENSUALITE)
VALUES(6, to_date('03/2012','MM/YYYY'), 0);
INSERT INTO MENSUALITE(NUM_ABONNEMENT, ANNEE_MOIS_MENSUALITE, NB_HEURES_MENSUALITE)
VALUES(6, to_date('04/2012','MM/YYYY'), 1);
INSERT INTO MENSUALITE(NUM_ABONNEMENT, ANNEE_MOIS_MENSUALITE, NB_HEURES_MENSUALITE)
VALUES(6, to_date('05/2012','MM/YYYY'), 3);
INSERT INTO MENSUALITE(NUM_ABONNEMENT, ANNEE_MOIS_MENSUALITE)
VALUES(6, to_date('06/2012','MM/YYYY'));

-- Abonnements et mensualités de l'adhérent 17 (NUM_ABONNEMENT à 7 avec la séquence)
INSERT INTO ABONNEMENT(NUM_JOUEUR, DATE_DEBUT_ABONNEMENT)
VALUES(17, to_date('01/03/2011','DD/MM/YYYY'));
INSERT INTO MENSUALITE(NUM_ABONNEMENT, ANNEE_MOIS_MENSUALITE, NB_HEURES_MENSUALITE)
VALUES(7, to_date('03/2011','MM/YYYY'), 5);
INSERT INTO MENSUALITE(NUM_ABONNEMENT, ANNEE_MOIS_MENSUALITE, NB_HEURES_MENSUALITE)
VALUES(7, to_date('04/2011','MM/YYYY'), 2);
INSERT INTO MENSUALITE(NUM_ABONNEMENT, ANNEE_MOIS_MENSUALITE, NB_HEURES_MENSUALITE)
VALUES(7, to_date('05/2011','MM/YYYY'), 3);
INSERT INTO MENSUALITE(NUM_ABONNEMENT, ANNEE_MOIS_MENSUALITE)
VALUES(7, to_date('06/2011','MM/YYYY'));
INSERT INTO MENSUALITE(NUM_ABONNEMENT, ANNEE_MOIS_MENSUALITE)
VALUES(7, to_date('07/2011','MM/YYYY'));
INSERT INTO MENSUALITE(NUM_ABONNEMENT, ANNEE_MOIS_MENSUALITE)
VALUES(7, to_date('08/2011','MM/YYYY'));
INSERT INTO MENSUALITE(NUM_ABONNEMENT, ANNEE_MOIS_MENSUALITE)
VALUES(7, to_date('09/2011','MM/YYYY'));
INSERT INTO MENSUALITE(NUM_ABONNEMENT, ANNEE_MOIS_MENSUALITE)
VALUES(7, to_date('10/2011','MM/YYYY'));
INSERT INTO MENSUALITE(NUM_ABONNEMENT, ANNEE_MOIS_MENSUALITE)
VALUES(7, to_date('11/2011','MM/YYYY'));
INSERT INTO MENSUALITE(NUM_ABONNEMENT, ANNEE_MOIS_MENSUALITE)
VALUES(7, to_date('12/2011','MM/YYYY'));
INSERT INTO MENSUALITE(NUM_ABONNEMENT, ANNEE_MOIS_MENSUALITE)
VALUES(7, to_date('01/2012','MM/YYYY'));
INSERT INTO MENSUALITE(NUM_ABONNEMENT, ANNEE_MOIS_MENSUALITE)
VALUES(7, to_date('02/2012','MM/YYYY'));

-- Abonnements et mensualités de l'adhérent 18 (NUM_ABONNEMENT à 8 avec la séquence)
INSERT INTO ABONNEMENT(NUM_JOUEUR, DATE_DEBUT_ABONNEMENT)
VALUES(18, to_date('01/03/2011','DD/MM/YYYY'));
INSERT INTO MENSUALITE(NUM_ABONNEMENT, ANNEE_MOIS_MENSUALITE, NB_HEURES_MENSUALITE)
VALUES(8, to_date('03/2011','MM/YYYY'), 5);
INSERT INTO MENSUALITE(NUM_ABONNEMENT, ANNEE_MOIS_MENSUALITE, NB_HEURES_MENSUALITE)
VALUES(8, to_date('04/2011','MM/YYYY'), 2);
INSERT INTO MENSUALITE(NUM_ABONNEMENT, ANNEE_MOIS_MENSUALITE, NB_HEURES_MENSUALITE)
VALUES(8, to_date('05/2011','MM/YYYY'), 3);
INSERT INTO MENSUALITE(NUM_ABONNEMENT, ANNEE_MOIS_MENSUALITE)
VALUES(8, to_date('06/2011','MM/YYYY'));
INSERT INTO MENSUALITE(NUM_ABONNEMENT, ANNEE_MOIS_MENSUALITE)
VALUES(8, to_date('07/2011','MM/YYYY'));
INSERT INTO MENSUALITE(NUM_ABONNEMENT, ANNEE_MOIS_MENSUALITE)
VALUES(8, to_date('08/2011','MM/YYYY'));
INSERT INTO MENSUALITE(NUM_ABONNEMENT, ANNEE_MOIS_MENSUALITE)
VALUES(8, to_date('09/2011','MM/YYYY'));
INSERT INTO MENSUALITE(NUM_ABONNEMENT, ANNEE_MOIS_MENSUALITE)
VALUES(8, to_date('10/2011','MM/YYYY'));
INSERT INTO MENSUALITE(NUM_ABONNEMENT, ANNEE_MOIS_MENSUALITE)
VALUES(8, to_date('11/2011','MM/YYYY'));
INSERT INTO MENSUALITE(NUM_ABONNEMENT, ANNEE_MOIS_MENSUALITE)
VALUES(8, to_date('12/2011','MM/YYYY'));
INSERT INTO MENSUALITE(NUM_ABONNEMENT, ANNEE_MOIS_MENSUALITE)
VALUES(8, to_date('01/2012','MM/YYYY'));
INSERT INTO MENSUALITE(NUM_ABONNEMENT, ANNEE_MOIS_MENSUALITE)
VALUES(8, to_date('02/2012','MM/YYYY'));

-- Fin des enregistrements des tables ABONNEMENT et MENSUALITE



-- -----------------------------------------------------------------------------
--       TABLE : S_INSCRIRE
-- -----------------------------------------------------------------------------

INSERT INTO S_INSCRIRE(NUM_ENTRAINEMENT,NUM_PERSONNE) VALUES (8,14);  -- OK : entrainement n°8  (15/4), personne adhérente n°14 (15)   ==> niveau supérieur (ok) et statut adhérent   (ok)
INSERT INTO S_INSCRIRE(NUM_ENTRAINEMENT,NUM_PERSONNE) VALUES (11,18); -- OK : entrainement n°11 (15/1), personne adhérente n°18 (15/1) ==> niveau égal      (ok) et statut adhérent   (ok)
INSERT INTO S_INSCRIRE(NUM_ENTRAINEMENT,NUM_PERSONNE) VALUES (10,16); -- KO : entrainement n°10 (15/2), personne adhérente n°16 (15/3) ==> niveau inférieur (ko) mais statut adhérent (ok)
INSERT INTO S_INSCRIRE(NUM_ENTRAINEMENT,NUM_PERSONNE) VALUES (7,22);  -- KO : entrainement n°7  (15/5), personne adhérente n°22 (15/5) ==> niveau égal      (ko) mais statut visiteur (ko)
INSERT INTO S_INSCRIRE(NUM_ENTRAINEMENT,NUM_PERSONNE) VALUES (5,19);  -- KO : entrainement n°5  (30/1), personne adhérente n°19 (NC)   ==> niveau inférieur (ko) et statut visiteur   (ko)

-- -----------------------------------------------------------------------------
--       TABLE : ETRE_ASSOCIE
-- -----------------------------------------------------------------------------
/* En attente des insertion dans la table OCCUPER */

--INSERT INTO ETRE_ASSOCIE(HEURE_DEBUT_CRENEAU,NUM_TERRAIN,DATE_OCCUPATION,NUM_PERSONNE) VALUES ();


-- -----------------------------------------------------------------------------
--       TABLE : FACTURE (et réservations correspondantes)
-- -----------------------------------------------------------------------------
INSERT INTO FACTURE(NUM_PERSONNE, DATE_FACTURE, MONTANT_FACTURE, DATE_PAIEMENT) 
	VALUES(20, to_date('02/03/2011','DD/MM/YYYY'), 10, to_date('02/03/2011','DD/MM/YYYY'));
INSERT INTO OCCUPER(HEURE_DEBUT_CRENEAU, NUM_TERRAIN, DATE_OCCUPATION, NUM_FACTURE, NUM_JOUEUR)
	VALUES('10h00', 5, to_date('20/03/2011','DD/MM/YYYY'), 1, 20);
INSERT INTO FACTURE(NUM_PERSONNE, DATE_FACTURE, MONTANT_FACTURE, DATE_PAIEMENT) 
	VALUES(22, to_date('16/03/2011','DD/MM/YYYY'), 10, to_date('16/03/2011','DD/MM/YYYY'));
INSERT INTO OCCUPER(HEURE_DEBUT_CRENEAU, NUM_TERRAIN, DATE_OCCUPATION, NUM_FACTURE, NUM_JOUEUR)
	VALUES('15h00', 5, to_date('30/03/2011','DD/MM/YYYY'), 2, 22);
INSERT INTO FACTURE(NUM_PERSONNE, DATE_FACTURE, MONTANT_FACTURE, DATE_PAIEMENT) 
	VALUES(21, to_date('23/03/2011','DD/MM/YYYY'), 30, to_date('23/03/2011','DD/MM/YYYY'));
INSERT INTO OCCUPER(HEURE_DEBUT_CRENEAU, NUM_TERRAIN, DATE_OCCUPATION, NUM_FACTURE, NUM_JOUEUR)
	VALUES('18h00', 8, to_date('30/03/2011','DD/MM/YYYY'), 3, 21);
INSERT INTO OCCUPER(HEURE_DEBUT_CRENEAU, NUM_TERRAIN, DATE_OCCUPATION, NUM_FACTURE, NUM_JOUEUR)
	VALUES('19h00', 8, to_date('30/03/2011','DD/MM/YYYY'), 3, 21);
INSERT INTO OCCUPER(HEURE_DEBUT_CRENEAU, NUM_TERRAIN, DATE_OCCUPATION, NUM_FACTURE, NUM_JOUEUR)
	VALUES('20h00', 8, to_date('30/03/2011','DD/MM/YYYY'), 3, 21);

--Validation des insertions des données
COMMIT;	 















