-- -----------------------------------------------------------------------------
--            Insertion des données de la base de données pour
--                      Oracle Version 10g
--                        (11/5/2011)
-- -----------------------------------------------------------------------------
--      Nom de la base : Tennis
--      Projet : Tennis_V1.28
--      Auteur : Gonzalves / Invernizzi / Joly / Leviste
--      Date de dernière modification : 12/5/2011
-- -----------------------------------------------------------------------------
 
 
-- -----------------------------------------------------------------------------
--       TABLE : CODIFICATION
-- -----------------------------------------------------------------------------

--Début des codifications des terrains de la table TERRAIN
INSERT INTO CODIFICATION(CODE,NATURE,LIBELLE)
VALUES('DURRA','Surface','Rebound Ace');
INSERT INTO CODIFICATION(CODE,NATURE,LIBELLE)
VALUES('DURDE','Surface','Decoturf');
INSERT INTO CODIFICATION(CODE,NATURE,LIBELLE)
VALUES('DURBE','Surface','Béton');
INSERT INTO CODIFICATION(CODE,NATURE,LIBELLE)
VALUES('DURQU','Surface','Quick');
INSERT INTO CODIFICATION(CODE,NATURE,LIBELLE)
VALUES('TERBA','Surface','Terre battue');
INSERT INTO CODIFICATION(CODE,NATURE,LIBELLE)
VALUES('GAZON','Surface','Gazon');
INSERT INTO CODIFICATION(CODE,NATURE,LIBELLE)
VALUES('SYNMO','Surface','Moquette');
INSERT INTO CODIFICATION(CODE,NATURE,LIBELLE)
VALUES('SYNGE','Surface','Gerflor');
INSERT INTO CODIFICATION(CODE,NATURE,LIBELLE)
VALUES('SYNTA','Surface','Taraflex');
INSERT INTO CODIFICATION(CODE,NATURE,LIBELLE)
VALUES('SYNGR','Surface','Greenset');
INSERT INTO CODIFICATION(CODE,NATURE,LIBELLE)
VALUES('SYNPA','Surface','Parquet');
INSERT INTO CODIFICATION(CODE,NATURE,LIBELLE)
VALUES('GAZS1','Surface','Basic turf');
INSERT INTO CODIFICATION(CODE,NATURE,LIBELLE)
VALUES('GAZSY','Surface','Olympus');
INSERT INTO CODIFICATION(CODE,NATURE,LIBELLE)
VALUES('GAZS2','Surface','Melcbourne');
INSERT INTO CODIFICATION(CODE,NATURE,LIBELLE)
VALUES('TERBS','Surface','Terre battue synthé.');
INSERT INTO CODIFICATION(CODE,NATURE,LIBELLE)
VALUES('ACRYL','Surface','Acrylique');
INSERT INTO CODIFICATION(CODE,NATURE,LIBELLE)
VALUES('ASPHA','Surface','Asphalte');
INSERT INTO CODIFICATION(CODE,NATURE,LIBELLE)
VALUES('GAZS3','Surface','Gazon synthétique');
INSERT INTO CODIFICATION(CODE,NATURE,LIBELLE)
VALUES('AUTBO','Surface','Bois');
INSERT INTO CODIFICATION(CODE,NATURE,LIBELLE)
VALUES('AUTTB','Surface','Toile sur bois');
INSERT INTO CODIFICATION(CODE,NATURE,LIBELLE)
VALUES('AUTTM','Surface','Tuiles modulables');
--Fin des codifications des terrains de la table TERRAIN

--Début des codifications des niveaux pour les tables PERSONNE et ENTRAINEMENT
INSERT INTO CODIFICATION(CODE,NATURE,LIBELLE)
VALUES('NC','Classement','Echelon de 4ème série. Capital de 0 point.');
INSERT INTO CODIFICATION(CODE,NATURE,LIBELLE)
VALUES('40','Classement','Echelon de 4ème série. Capital de 2 points.');
INSERT INTO CODIFICATION(CODE,NATURE,LIBELLE)
VALUES('30/5','Classement','Echelon de 4ème série. Capital de 5 points.');
INSERT INTO CODIFICATION(CODE,NATURE,LIBELLE)
VALUES('30/4','Classement','Echelon de 4ème série. Capital de 10 points.');
INSERT INTO CODIFICATION(CODE,NATURE,LIBELLE)
VALUES('30/3','Classement','Echelon de 4ème série. Capital de 20 points.');
INSERT INTO CODIFICATION(CODE,NATURE,LIBELLE)
VALUES('30/2','Classement','Echelon de 4ème série. Capital de 30 points.');
INSERT INTO CODIFICATION(CODE,NATURE,LIBELLE)
VALUES('30/1','Classement','Echelon de 4ème série. Capital de 50 points.');
INSERT INTO CODIFICATION(CODE,NATURE,LIBELLE)
VALUES('30','Classement','Echelon de 3ème série. Capital de 80 points.');
INSERT INTO CODIFICATION(CODE,NATURE,LIBELLE)
VALUES('15/5','Classement','Echelon de 3ème série. Capital de 120 points.');
INSERT INTO CODIFICATION(CODE,NATURE,LIBELLE)
VALUES('15/4','Classement','Echelon de 3ème série. Capital de 160 points.');
INSERT INTO CODIFICATION(CODE,NATURE,LIBELLE)
VALUES('15/3','Classement','Echelon de 3ème série. Capital de 200 points.');
INSERT INTO CODIFICATION(CODE,NATURE,LIBELLE)
VALUES('15/2','Classement','Echelon de 3ème série. Capital de 240 points.');
INSERT INTO CODIFICATION(CODE,NATURE,LIBELLE)
VALUES('15/1','Classement','Echelon de 3ème série. Capital de 280 points.');
INSERT INTO CODIFICATION(CODE,NATURE,LIBELLE)
VALUES('15','Classement','Echelon de 2ème série. Capital de 330 points.');
INSERT INTO CODIFICATION(CODE,NATURE,LIBELLE)
VALUES('5/6','Classement','Echelon de 2ème série. Capital de 370 points.');
INSERT INTO CODIFICATION(CODE,NATURE,LIBELLE)
VALUES('4/6','Classement','Echelon de 2ème série. Capital de 410 points.');
INSERT INTO CODIFICATION(CODE,NATURE,LIBELLE)
VALUES('3/6','Classement','Echelon de 2ème série. Capital de 450 points.');
INSERT INTO CODIFICATION(CODE,NATURE,LIBELLE)
VALUES('2/6','Classement','Echelon de 2ème série. Capital de 490 points.');
INSERT INTO CODIFICATION(CODE,NATURE,LIBELLE)
VALUES('1/6','Classement','Echelon de 2ème série. Capital de 530 points.');
INSERT INTO CODIFICATION(CODE,NATURE,LIBELLE)
VALUES('0','Classement','Echelon de 2ème série. Capital de 570 points.');
INSERT INTO CODIFICATION(CODE,NATURE,LIBELLE)
VALUES('-2/6','Classement','Echelon de 2ème série -. Capital de 620 points.');
INSERT INTO CODIFICATION(CODE,NATURE,LIBELLE)
VALUES('-4/6','Classement','Echelon de 2ème série -. Capital de 660 points.');
INSERT INTO CODIFICATION(CODE,NATURE,LIBELLE)
VALUES('-15','Classement','Echelon de 2ème série -. Capital de 700 points.');
INSERT INTO CODIFICATION(CODE,NATURE,LIBELLE)
VALUES('-30','Classement','Echelon de 2ème série -. Capital de 740 points.');
INSERT INTO CODIFICATION(CODE,NATURE,LIBELLE)
VALUES('Promo','Classement','Echelon promotion. Capital de 780 points.');
INSERT INTO CODIFICATION(CODE,NATURE,LIBELLE)
VALUES('1erSe','Classement','Echelon de 1ère série. Capital de 840 points.');
--Fin des codifications des niveaux pour les tables PERSONNE et ENTRAINEMENT

--Début des codifications des statuts pour la table PERSONNE
INSERT INTO CODIFICATION(CODE,NATURE,LIBELLE)
VALUES('U','ROLE','Utilisateur');
INSERT INTO CODIFICATION(CODE,NATURE,LIBELLE)
VALUES('J','ROLE','Joueur');
INSERT INTO CODIFICATION(CODE,NATURE,LIBELLE)
VALUES('V','ROLE','Visiteur');
INSERT INTO CODIFICATION(CODE,NATURE,LIBELLE)
VALUES('AD','ROLE','Adhérent');
INSERT INTO CODIFICATION(CODE,NATURE,LIBELLE)
VALUES('EMP','ROLE','Employé');
INSERT INTO CODIFICATION(CODE,NATURE,LIBELLE)
VALUES('ENT','ROLE','Entraineur');
INSERT INTO CODIFICATION(CODE,NATURE,LIBELLE)
VALUES('AG','ROLE','Agent d''accueil');
INSERT INTO CODIFICATION(CODE,NATURE,LIBELLE)
VALUES('ADMIN','ROLE','Administrateur');
--Fin des codifications des statuts pour la table PERSONNE

-- -----------------------------------------------------------------------------
--       TABLE : TERRAIN
-- -----------------------------------------------------------------------------

--Terrain n°1
INSERT INTO TERRAIN(CODE_SURFACE,NATURE_SURFACE,ACTIF)
VALUES('DURRA','Surface',1);
--Terrain n°2
INSERT INTO TERRAIN(CODE_SURFACE,NATURE_SURFACE,ACTIF)
VALUES('DURDE','Surface',1);
--Terrain n°3
INSERT INTO TERRAIN(CODE_SURFACE,NATURE_SURFACE,ACTIF)
VALUES('DURBE','Surface',1);
--Terrain n°4
INSERT INTO TERRAIN(CODE_SURFACE,NATURE_SURFACE,ACTIF)
VALUES('TERBA','Surface',1);
--Terrain n°5
INSERT INTO TERRAIN(CODE_SURFACE,NATURE_SURFACE,ACTIF)
VALUES('TERBA','Surface',1);
--Terrain n°6
INSERT INTO TERRAIN(CODE_SURFACE,NATURE_SURFACE,ACTIF)
VALUES('GAZON','Surface',1);
--Terrain n°7
INSERT INTO TERRAIN(CODE_SURFACE,NATURE_SURFACE,ACTIF)
VALUES('GAZON','Surface',1);
--Terrain n°8
INSERT INTO TERRAIN(CODE_SURFACE,NATURE_SURFACE,ACTIF)
VALUES('SYNGE','Surface',1);
--Terrain n°9
INSERT INTO TERRAIN(CODE_SURFACE,NATURE_SURFACE,ACTIF)
VALUES('SYNGE','Surface',1);
--Terrain n°10
INSERT INTO TERRAIN(CODE_SURFACE,NATURE_SURFACE,ACTIF)
VALUES('SYNGR','Surface',1);
--Terrain n°11
INSERT INTO TERRAIN(CODE_SURFACE,NATURE_SURFACE,ACTIF)
VALUES('SYNPA','Surface',1);
--Terrain n°12
INSERT INTO TERRAIN(CODE_SURFACE,NATURE_SURFACE,ACTIF)
VALUES('GAZSY','Surface',1);
--Terrain n°13
INSERT INTO TERRAIN(CODE_SURFACE,NATURE_SURFACE,ACTIF)
VALUES('GAZSY','Surface',1);
--Terrain n°14
INSERT INTO TERRAIN(CODE_SURFACE,NATURE_SURFACE,ACTIF)
VALUES('GAZSY','Surface',1);
--Terrain n°15
INSERT INTO TERRAIN(CODE_SURFACE,NATURE_SURFACE,ACTIF)
VALUES('TERBS','Surface',1);
--Terrain n°16
INSERT INTO TERRAIN(CODE_SURFACE,NATURE_SURFACE,ACTIF)
VALUES('ACRYL','Surface',1);
--Terrain n°17
INSERT INTO TERRAIN(CODE_SURFACE,NATURE_SURFACE,ACTIF)
VALUES('ASPHA','Surface',1);
--Terrain n°18
INSERT INTO TERRAIN(CODE_SURFACE,NATURE_SURFACE,ACTIF)
VALUES('GAZSY','Surface',1);
--Terrain n°19
INSERT INTO TERRAIN(CODE_SURFACE,NATURE_SURFACE,ACTIF)
VALUES('AUTBO','Surface',1);
--Terrain n°20
INSERT INTO TERRAIN(CODE_SURFACE,NATURE_SURFACE,ACTIF)
VALUES('AUTTB','Surface',1);
--Terrain n°21
INSERT INTO TERRAIN(CODE_SURFACE,NATURE_SURFACE,ACTIF)
VALUES('AUTTM','Surface',1);	

-- -----------------------------------------------------------------------------
--       TABLE : PERSONNE
-- -----------------------------------------------------------------------------

--Début des personnes de la table PERSONNE

DECLARE
	-- Déclaration d'un password crypté identique pour tout le monde (8 caractères en entrée de la fonction)
	crypted_password VARCHAR2(255);
	password VARCHAR2(8);
BEGIN
	password := '12071998';
	dbms_obfuscation_toolkit.DESEncrypt(input_string => password, 
										key_string => 'tennispro', 
										encrypted_string => crypted_password );
	
	--Personnes qui sont joueurs et employés
	INSERT INTO PERSONNE(CODE_STATUT_EMPLOYE,NATURE_STATUT_EMPLOYE,CODE_NIVEAU,NATURE_NIVEAU,NOM_PERSONNE,
	PRENOM_PERSONNE,LOGIN_PERSONNE,MDP_PERSONNE,TEL_PERSONNE,EMAIL_PERSONNE,NUM_RUE_PERSONNE,
	CP_PERSONNE,VILLE_PERSONNE,NIVEAU_DROIT)
	VALUES('AG','ROLE','30/4','Classement','Longoria','Josianne','Jlongo',crypted_password,'0688455389','Josianne.Longoria@gmail.fr','20 grande rue','25000','Besançon',1);
	INSERT INTO PERSONNE(CODE_STATUT_EMPLOYE,NATURE_STATUT_EMPLOYE,CODE_NIVEAU,NATURE_NIVEAU,
	NOM_PERSONNE,PRENOM_PERSONNE,LOGIN_PERSONNE,MDP_PERSONNE,TEL_PERSONNE,EMAIL_PERSONNE,NUM_RUE_PERSONNE,
	CP_PERSONNE,VILLE_PERSONNE,NIVEAU_DROIT)
	VALUES('ADMIN','ROLE','15/4','Classement','Ayew','André','AAyew',crypted_password,'0688952389','André.Ayew@gmail.fr','21 rue des muriers','25000','Besançon',1);
	INSERT INTO PERSONNE(CODE_STATUT_EMPLOYE,NATURE_STATUT_EMPLOYE,CODE_NIVEAU,NATURE_NIVEAU,
	NOM_PERSONNE,PRENOM_PERSONNE,LOGIN_PERSONNE,MDP_PERSONNE,TEL_PERSONNE,EMAIL_PERSONNE,NUM_RUE_PERSONNE,
	CP_PERSONNE,VILLE_PERSONNE,NIVEAU_DROIT)
	VALUES('EMP','ROLE','30/1','Classement','Boudebouz','Ryad','Rboud',crypted_password,'0688642389','Ryad.Boduebouz@gmail.fr','1 rue des sommeliers','25000','Besançon',1);

	--Personnes qui sont uniquement employés
	INSERT INTO PERSONNE(CODE_STATUT_EMPLOYE,NATURE_STATUT_EMPLOYE,CODE_NIVEAU,NATURE_NIVEAU,
	NOM_PERSONNE,PRENOM_PERSONNE,LOGIN_PERSONNE,MDP_PERSONNE,TEL_PERSONNE,EMAIL_PERSONNE,NUM_RUE_PERSONNE,
	CP_PERSONNE,VILLE_PERSONNE,NIVEAU_DROIT)
	VALUES('EMP','ROLE','NC','Classement','Gameiro','Kévin','Kgame',crypted_password,'0685842389','Kevin.Gameiro@gmail.fr','5 rue de la route de lorient','25000','Besançon',1);
	INSERT INTO PERSONNE(CODE_STATUT_EMPLOYE,NATURE_STATUT_EMPLOYE,CODE_NIVEAU,NATURE_NIVEAU,
	NOM_PERSONNE,PRENOM_PERSONNE,LOGIN_PERSONNE,MDP_PERSONNE,TEL_PERSONNE,EMAIL_PERSONNE,NUM_RUE_PERSONNE,
	CP_PERSONNE,VILLE_PERSONNE,NIVEAU_DROIT)
	VALUES('EMP','ROLE','NC','Classement','Drogba','Didier','Ddrog',crypted_password,'0658842389','Didier.Drogba@gmail.fr','8 avenue de chelsea','25000','Besançon',1);
	INSERT INTO PERSONNE(CODE_STATUT_EMPLOYE,NATURE_STATUT_EMPLOYE,CODE_NIVEAU,NATURE_NIVEAU,
	NOM_PERSONNE,PRENOM_PERSONNE,LOGIN_PERSONNE,MDP_PERSONNE,TEL_PERSONNE,EMAIL_PERSONNE,NUM_RUE_PERSONNE,
	CP_PERSONNE,VILLE_PERSONNE,NIVEAU_DROIT)
	VALUES('EMP','ROLE','NC','Classement','Kalou','Salomon','SKale',crypted_password,'0658842389','Salomon.kalou@gmail.fr','5 avenue de la laurencie','25000','Besançon',1);
	INSERT INTO PERSONNE(CODE_STATUT_EMPLOYE,NATURE_STATUT_EMPLOYE,CODE_NIVEAU,NATURE_NIVEAU,
	NOM_PERSONNE,PRENOM_PERSONNE,LOGIN_PERSONNE,MDP_PERSONNE,TEL_PERSONNE,EMAIL_PERSONNE,NUM_RUE_PERSONNE,
	CP_PERSONNE,VILLE_PERSONNE,NIVEAU_DROIT)
	VALUES('EMP','ROLE','NC','Classement','Pedretti','Benoit','Bpedr',crypted_password,'0696842389','Benoi.pedretti@gmail.fr','45 rue de l''abbé deschamp','25000','Besançon',1);

	--Entraineurs
	INSERT INTO PERSONNE(CODE_STATUT_EMPLOYE,NATURE_STATUT_EMPLOYE,CODE_NIVEAU,NATURE_NIVEAU,
	NOM_PERSONNE,PRENOM_PERSONNE,LOGIN_PERSONNE,MDP_PERSONNE,TEL_PERSONNE,EMAIL_PERSONNE,NUM_RUE_PERSONNE,
	CP_PERSONNE,VILLE_PERSONNE,NIVEAU_DROIT)
	VALUES('ENT','ROLE','15/3','Classement','Martin','Marvin','MMart',crypted_password,'0688452389','Marvin.Martin@gmail.fr','52 rue des acacias','25000','Besançon',1);
	INSERT INTO PERSONNE(CODE_STATUT_EMPLOYE,NATURE_STATUT_EMPLOYE,CODE_NIVEAU,NATURE_NIVEAU,
	NOM_PERSONNE,PRENOM_PERSONNE,LOGIN_PERSONNE,MDP_PERSONNE,TEL_PERSONNE,EMAIL_PERSONNE,NUM_RUE_PERSONNE,
	CP_PERSONNE,VILLE_PERSONNE,NIVEAU_DROIT)
	VALUES('ENT','ROLE','15/1','Classement','Perquis','Damien','Dperq',crypted_password,'0658452389','Damien.Perquis@gmail.fr','21 rue du muguet','25000','Besançon',1);
	INSERT INTO PERSONNE(CODE_STATUT_EMPLOYE,NATURE_STATUT_EMPLOYE,CODE_NIVEAU,NATURE_NIVEAU,
	NOM_PERSONNE,PRENOM_PERSONNE,LOGIN_PERSONNE,MDP_PERSONNE,TEL_PERSONNE,EMAIL_PERSONNE,NUM_RUE_PERSONNE,
	CP_PERSONNE,VILLE_PERSONNE,NIVEAU_DROIT)
	VALUES('ENT','ROLE','4/6','Classement','Dalmat','Stéphane','Sdalm',crypted_password,'0658845389','Stéphane.Dalmat@gmail.fr','56 rue de renne','25000','Besançon',1);
	INSERT INTO PERSONNE(CODE_STATUT_EMPLOYE,NATURE_STATUT_EMPLOYE,CODE_NIVEAU,NATURE_NIVEAU,
	NOM_PERSONNE,PRENOM_PERSONNE,LOGIN_PERSONNE,MDP_PERSONNE,TEL_PERSONNE,EMAIL_PERSONNE,NUM_RUE_PERSONNE,
	CP_PERSONNE,VILLE_PERSONNE,NIVEAU_DROIT)
	VALUES('ENT','ROLE','1erSe','Classement','Zidane','Zinedine','Zizou',crypted_password,'0600001230','Zinedine.Zidane@gmail.fr','98 rue des dieux','25000','Besançon',3);
	INSERT INTO PERSONNE(CODE_STATUT_EMPLOYE,NATURE_STATUT_EMPLOYE,CODE_NIVEAU,NATURE_NIVEAU,
	NOM_PERSONNE,PRENOM_PERSONNE,LOGIN_PERSONNE,MDP_PERSONNE,TEL_PERSONNE,EMAIL_PERSONNE,NUM_RUE_PERSONNE,
	CP_PERSONNE,VILLE_PERSONNE,NIVEAU_DROIT)
	VALUES('ENT','ROLE','1/6','Classement','Blanc','Laurent','Lblan',crypted_password,'0684563695','Laurent.Blanc@gmail.fr','2 rue de la croatie','25000','Besançon',1);
	INSERT INTO PERSONNE(CODE_STATUT_EMPLOYE,NATURE_STATUT_EMPLOYE,CODE_NIVEAU,NATURE_NIVEAU,
	NOM_PERSONNE,PRENOM_PERSONNE,LOGIN_PERSONNE,MDP_PERSONNE,TEL_PERSONNE,EMAIL_PERSONNE,NUM_RUE_PERSONNE,
	CP_PERSONNE,VILLE_PERSONNE,NIVEAU_DROIT)
	VALUES('ENT','ROLE','15','Classement','Petit','Emmanuel','Epeti',crypted_password,'0684555695','Emmanuel.Petit@gmail.fr','3 rue du brésil','25000','Besançon',1);

	--Joueurs adhérents
	INSERT INTO PERSONNE(CODE_STATUT_EMPLOYE,NATURE_STATUT_EMPLOYE,CODE_NIVEAU,NATURE_NIVEAU,NOM_PERSONNE,PRENOM_PERSONNE,LOGIN_PERSONNE,
	MDP_PERSONNE,TEL_PERSONNE,EMAIL_PERSONNE,NUM_RUE_PERSONNE,CP_PERSONNE,VILLE_PERSONNE,STATUT_JOUEUR,NIVEAU_DROIT)
	VALUES('J','ROLE','30/4','Classement','Mouloud','Jean-guy','Jmoul',crypted_password,'0688565389','Jean-guy.Mouloud@gmail.fr','6 rue des glacis','25000','Besançon','A',1);
	INSERT INTO PERSONNE(CODE_STATUT_EMPLOYE,NATURE_STATUT_EMPLOYE,CODE_NIVEAU,NATURE_NIVEAU,NOM_PERSONNE,PRENOM_PERSONNE,LOGIN_PERSONNE,
	MDP_PERSONNE,TEL_PERSONNE,EMAIL_PERSONNE,NUM_RUE_PERSONNE,CP_PERSONNE,VILLE_PERSONNE,STATUT_JOUEUR,NIVEAU_DROIT)
	VALUES('J','ROLE','15/4','Classement','Richert','Teddy','Trich',crypted_password,'0658565389','Teddy.Richert@gmail.fr','8 avenue des gardiens','25000','Besançon','A',1);
	INSERT INTO PERSONNE(CODE_STATUT_EMPLOYE,NATURE_STATUT_EMPLOYE,CODE_NIVEAU,NATURE_NIVEAU,NOM_PERSONNE,PRENOM_PERSONNE,LOGIN_PERSONNE,
	MDP_PERSONNE,TEL_PERSONNE,EMAIL_PERSONNE,NUM_RUE_PERSONNE,CP_PERSONNE,VILLE_PERSONNE,STATUT_JOUEUR,NIVEAU_DROIT)
	VALUES('J','ROLE','15/3','Classement','Duplus','Stéphane','Dstep',crypted_password,'0658595389','Stephane.duplus@gmail.fr','58 rue de la défense','25000','Besançon','A',1);
	INSERT INTO PERSONNE(CODE_STATUT_EMPLOYE,NATURE_STATUT_EMPLOYE,CODE_NIVEAU,NATURE_NIVEAU,NOM_PERSONNE,PRENOM_PERSONNE,LOGIN_PERSONNE,
	MDP_PERSONNE,TEL_PERSONNE,EMAIL_PERSONNE,NUM_RUE_PERSONNE,CP_PERSONNE,VILLE_PERSONNE,STATUT_JOUEUR,NIVEAU_DROIT)
	VALUES('J','ROLE','30/1','Classement','Anin','Kévin','Akevi',crypted_password,'0658595579','Kevin.Anin@gmail.fr','4 rue rouge','25000','Besançon','A',1);
	INSERT INTO PERSONNE(CODE_STATUT_EMPLOYE,NATURE_STATUT_EMPLOYE,CODE_NIVEAU,NATURE_NIVEAU,NOM_PERSONNE,PRENOM_PERSONNE,LOGIN_PERSONNE,
	MDP_PERSONNE,TEL_PERSONNE,EMAIL_PERSONNE,NUM_RUE_PERSONNE,CP_PERSONNE,VILLE_PERSONNE,STATUT_JOUEUR,NIVEAU_DROIT)
	VALUES('J','ROLE','30','Classement','Maïga','Modibo','MMaig',crypted_password,'0658545579','Mobido.Maïga@gmail.fr','56 grande rue','25000','Besançon','A',1);

	--Joueurs visiteurs
	INSERT INTO PERSONNE(CODE_STATUT_EMPLOYE,NATURE_STATUT_EMPLOYE,CODE_NIVEAU,NATURE_NIVEAU,NOM_PERSONNE,PRENOM_PERSONNE,LOGIN_PERSONNE,
	MDP_PERSONNE,TEL_PERSONNE,EMAIL_PERSONNE,NUM_RUE_PERSONNE,CP_PERSONNE,VILLE_PERSONNE,STATUT_JOUEUR,NIVEAU_DROIT)
	VALUES('J','ROLE','NC','Classement','Loeb','Sebastien','Sloeb',crypted_password,'0674545579','Sebastien.Loeb@gmail.fr','3 rue armand peugeot','25000','Besançon','V',1);
	INSERT INTO PERSONNE(CODE_STATUT_EMPLOYE,NATURE_STATUT_EMPLOYE,CODE_NIVEAU,NATURE_NIVEAU,NOM_PERSONNE,PRENOM_PERSONNE,LOGIN_PERSONNE,
	MDP_PERSONNE,TEL_PERSONNE,EMAIL_PERSONNE,NUM_RUE_PERSONNE,CP_PERSONNE,VILLE_PERSONNE,STATUT_JOUEUR,NIVEAU_DROIT)
	VALUES('J','ROLE','30/5','Classement','Vettel','Sebastien','Svett',crypted_password,'0658545549','Sebastien.Vettel@gmail.fr','1 rue des champions','25000','Besançon','V',1);
	INSERT INTO PERSONNE(CODE_STATUT_EMPLOYE,NATURE_STATUT_EMPLOYE,CODE_NIVEAU,NATURE_NIVEAU,NOM_PERSONNE,PRENOM_PERSONNE,LOGIN_PERSONNE,
	MDP_PERSONNE,TEL_PERSONNE,EMAIL_PERSONNE,NUM_RUE_PERSONNE,CP_PERSONNE,VILLE_PERSONNE,STATUT_JOUEUR,NIVEAU_DROIT)
	VALUES('J','ROLE','30','Classement','Hamilton','Lewis','Lhami',crypted_password,'0658544589','Lewis.Hamilton@gmail.fr','25 grande rue','25000','Besançon','V',1);
	INSERT INTO PERSONNE(CODE_STATUT_EMPLOYE,NATURE_STATUT_EMPLOYE,CODE_NIVEAU,NATURE_NIVEAU,NOM_PERSONNE,PRENOM_PERSONNE,LOGIN_PERSONNE,
	MDP_PERSONNE,TEL_PERSONNE,EMAIL_PERSONNE,NUM_RUE_PERSONNE,CP_PERSONNE,VILLE_PERSONNE,STATUT_JOUEUR,NIVEAU_DROIT)
	VALUES('J','ROLE','15/5','Classement','Webber','Mark','Mwebb',crypted_password,'0658545749','Mark.Webber@gmail.fr','2 grande rue','25000','Besançon','V',1);
END;
/

--Fin des personnes de la table PERSONNE

-- -----------------------------------------------------------------------------
--       TABLE : ENTRAINEMENT
-- -----------------------------------------------------------------------------

--Début des entrainements de la table ENTRAINEMENT

--Entrainements récurrents des débutants, avec l'entraineur n°8
INSERT INTO ENTRAINEMENT (LIB_ENTRAINEMENT, NUM_ENTRAINEUR, CODE_NIVEAU, NATURE_NIVEAU, NB_PLACE_ENTRAINEMENT, DATE_DEBUT_ENTRAINEMENT, DATE_FIN_ENTRAINEMENT)
VALUES ('Entrainement 1', 8, '30/5', 'Classement', 8, '01/09/2011', '30/06/2012');
INSERT INTO ENTRAINEMENT (LIB_ENTRAINEMENT, NUM_ENTRAINEUR, CODE_NIVEAU, NATURE_NIVEAU, NB_PLACE_ENTRAINEMENT, DATE_DEBUT_ENTRAINEMENT, DATE_FIN_ENTRAINEMENT)
VALUES ('Entrainement 2', 8, '30/4', 'Classement', 6, '01/09/2011', '30/06/2012');
INSERT INTO ENTRAINEMENT (LIB_ENTRAINEMENT, NUM_ENTRAINEUR, CODE_NIVEAU, NATURE_NIVEAU, NB_PLACE_ENTRAINEMENT, DATE_DEBUT_ENTRAINEMENT, DATE_FIN_ENTRAINEMENT)
VALUES ('Entrainement 3', 8, '30/3', 'Classement', 4, '01/09/2011', '30/06/2012');
INSERT INTO ENTRAINEMENT (LIB_ENTRAINEMENT, NUM_ENTRAINEUR, CODE_NIVEAU, NATURE_NIVEAU, NB_PLACE_ENTRAINEMENT, DATE_DEBUT_ENTRAINEMENT, DATE_FIN_ENTRAINEMENT)
VALUES ('Entrainement 4', 8, '30/2', 'Classement', 4, '01/09/2011', '30/06/2012');
INSERT INTO ENTRAINEMENT (LIB_ENTRAINEMENT, NUM_ENTRAINEUR, CODE_NIVEAU, NATURE_NIVEAU, NB_PLACE_ENTRAINEMENT, DATE_DEBUT_ENTRAINEMENT, DATE_FIN_ENTRAINEMENT)
VALUES ('Entrainement 5', 8, '30/1', 'Classement', 4, '01/09/2011', '30/06/2012');
INSERT INTO ENTRAINEMENT (LIB_ENTRAINEMENT, NUM_ENTRAINEUR, CODE_NIVEAU, NATURE_NIVEAU, NB_PLACE_ENTRAINEMENT, DATE_DEBUT_ENTRAINEMENT, DATE_FIN_ENTRAINEMENT)
VALUES ('Entrainement 6', 8, '30', 'Classement', 4, '01/09/2011', '30/06/2012');

--Entrainements récurrents des confirmés, avec l'entraineur n°10
INSERT INTO ENTRAINEMENT (LIB_ENTRAINEMENT, NUM_ENTRAINEUR, CODE_NIVEAU, NATURE_NIVEAU, NB_PLACE_ENTRAINEMENT, DATE_DEBUT_ENTRAINEMENT, DATE_FIN_ENTRAINEMENT)
VALUES ('Entrainement 7', 10, '15/5', 'Classement', 8, '01/10/2011', '31/05/2012');
INSERT INTO ENTRAINEMENT (LIB_ENTRAINEMENT, NUM_ENTRAINEUR, CODE_NIVEAU, NATURE_NIVEAU, NB_PLACE_ENTRAINEMENT, DATE_DEBUT_ENTRAINEMENT, DATE_FIN_ENTRAINEMENT)
VALUES ('Entrainement 8', 10, '15/4', 'Classement', 4, '01/10/2011', '31/05/2012');
INSERT INTO ENTRAINEMENT (LIB_ENTRAINEMENT, NUM_ENTRAINEUR, CODE_NIVEAU, NATURE_NIVEAU, NB_PLACE_ENTRAINEMENT, DATE_DEBUT_ENTRAINEMENT, DATE_FIN_ENTRAINEMENT)
VALUES ('Entrainement 9', 10, '15/3', 'Classement', 4, '01/10/2011', '31/05/2012');
INSERT INTO ENTRAINEMENT (LIB_ENTRAINEMENT, NUM_ENTRAINEUR, CODE_NIVEAU, NATURE_NIVEAU, NB_PLACE_ENTRAINEMENT, DATE_DEBUT_ENTRAINEMENT, DATE_FIN_ENTRAINEMENT)
VALUES ('Entrainement 10', 10, '15/2', 'Classement', 4, '01/10/2011', '31/05/2012');
INSERT INTO ENTRAINEMENT (LIB_ENTRAINEMENT, NUM_ENTRAINEUR, CODE_NIVEAU, NATURE_NIVEAU, NB_PLACE_ENTRAINEMENT, DATE_DEBUT_ENTRAINEMENT, DATE_FIN_ENTRAINEMENT)
VALUES ('Entrainement 11', 10, '15/1', 'Classement', 4, '01/10/2011', '31/05/2012');
INSERT INTO ENTRAINEMENT (LIB_ENTRAINEMENT, NUM_ENTRAINEUR, CODE_NIVEAU, NATURE_NIVEAU, NB_PLACE_ENTRAINEMENT, DATE_DEBUT_ENTRAINEMENT, DATE_FIN_ENTRAINEMENT)
VALUES ('Entrainement 12', 10, '15', 'Classement', 4, '01/10/2011', '31/05/2012');

--Entrainements non récurrents des experts, avec l'entraineur n°11
INSERT INTO ENTRAINEMENT (LIB_ENTRAINEMENT, NUM_ENTRAINEUR, CODE_NIVEAU, NATURE_NIVEAU, NB_PLACE_ENTRAINEMENT, DATE_DEBUT_ENTRAINEMENT, DATE_FIN_ENTRAINEMENT)
VALUES ('Entrainement 13', 11, '5/6', 'Classement', 8, '01/08/2011', '30/06/2012');
INSERT INTO ENTRAINEMENT (LIB_ENTRAINEMENT, NUM_ENTRAINEUR, CODE_NIVEAU, NATURE_NIVEAU, NB_PLACE_ENTRAINEMENT, DATE_DEBUT_ENTRAINEMENT, DATE_FIN_ENTRAINEMENT)
VALUES ('Entrainement 14', 11, '4/6', 'Classement', 4, '01/08/2011', '30/06/2012');
INSERT INTO ENTRAINEMENT (LIB_ENTRAINEMENT, NUM_ENTRAINEUR, CODE_NIVEAU, NATURE_NIVEAU, NB_PLACE_ENTRAINEMENT, DATE_DEBUT_ENTRAINEMENT, DATE_FIN_ENTRAINEMENT)
VALUES ('Entrainement 15', 11, '3/6', 'Classement', 4, '01/08/2011', '30/06/2012');
INSERT INTO ENTRAINEMENT (LIB_ENTRAINEMENT, NUM_ENTRAINEUR, CODE_NIVEAU, NATURE_NIVEAU, NB_PLACE_ENTRAINEMENT, DATE_DEBUT_ENTRAINEMENT, DATE_FIN_ENTRAINEMENT)
VALUES ('Entrainement 16', 11, '2/6', 'Classement', 4, '01/08/2011', '30/06/2012');
INSERT INTO ENTRAINEMENT (LIB_ENTRAINEMENT, NUM_ENTRAINEUR, CODE_NIVEAU, NATURE_NIVEAU, NB_PLACE_ENTRAINEMENT, DATE_DEBUT_ENTRAINEMENT, DATE_FIN_ENTRAINEMENT)
VALUES ('Entrainement 17', 11, '1/6', 'Classement', 4, '01/08/2011', '30/06/2012');
INSERT INTO ENTRAINEMENT (LIB_ENTRAINEMENT, NUM_ENTRAINEUR, CODE_NIVEAU, NATURE_NIVEAU, NB_PLACE_ENTRAINEMENT, DATE_DEBUT_ENTRAINEMENT, DATE_FIN_ENTRAINEMENT)
VALUES ('Entrainement 18', 11, '1/6', 'Classement', 4, '01/08/2011', '30/06/2012');

--Fin des entrainements de la table ENTRAINEMENT

-- -----------------------------------------------------------------------------
--       TABLE : CRENEAU
-- -----------------------------------------------------------------------------

--Début des créneaux de la table CRENEAU

--Les créneaux d'une durée d'une heure
INSERT INTO CRENEAU(HEURE_DEBUT_CRENEAU, HEURE_FIN_CRENEAU)
VALUES('07h00','08h00');  
INSERT INTO CRENEAU(HEURE_DEBUT_CRENEAU, HEURE_FIN_CRENEAU)
VALUES('08h00','09h00');  
INSERT INTO CRENEAU(HEURE_DEBUT_CRENEAU, HEURE_FIN_CRENEAU)
VALUES('09h00','10h00');  
INSERT INTO CRENEAU(HEURE_DEBUT_CRENEAU, HEURE_FIN_CRENEAU)
VALUES('10h00','11h00');  
INSERT INTO CRENEAU(HEURE_DEBUT_CRENEAU, HEURE_FIN_CRENEAU)
VALUES('11h00','12h00');  
INSERT INTO CRENEAU(HEURE_DEBUT_CRENEAU, HEURE_FIN_CRENEAU)
VALUES('12h00','13h00'); 
INSERT INTO CRENEAU(HEURE_DEBUT_CRENEAU, HEURE_FIN_CRENEAU)
VALUES('13h00','14h00'); 
INSERT INTO CRENEAU(HEURE_DEBUT_CRENEAU, HEURE_FIN_CRENEAU)
VALUES('14h00','15h00'); 
INSERT INTO CRENEAU(HEURE_DEBUT_CRENEAU, HEURE_FIN_CRENEAU)
VALUES('15h00','16h00');
INSERT INTO CRENEAU(HEURE_DEBUT_CRENEAU, HEURE_FIN_CRENEAU)
VALUES('16h00','17h00');
INSERT INTO CRENEAU(HEURE_DEBUT_CRENEAU, HEURE_FIN_CRENEAU)
VALUES('17h00','18h00');
INSERT INTO CRENEAU(HEURE_DEBUT_CRENEAU, HEURE_FIN_CRENEAU)
VALUES('18h00','19h00');
INSERT INTO CRENEAU(HEURE_DEBUT_CRENEAU, HEURE_FIN_CRENEAU)
VALUES('19h00','20h00');
INSERT INTO CRENEAU(HEURE_DEBUT_CRENEAU, HEURE_FIN_CRENEAU)
VALUES('20h00','21h00');
INSERT INTO CRENEAU(HEURE_DEBUT_CRENEAU, HEURE_FIN_CRENEAU)
VALUES('21h00','22h00');

--Fin des créneaux de la table CRENEAU

-- -----------------------------------------------------------------------------
--       TABLE : AVOIR_LIEU
-- -----------------------------------------------------------------------------

--Début des enregistrements de la table AVOIR_LIEU
--entrainements de 1 à 18 terrain de 1 a 21 créneau de '07h00' à '21h00' num jour de 1 à 7
INSERT INTO AVOIR_LIEU(HEURE_DEBUT_CRENEAU,NUM_TERRAIN,NUM_JOUR,NUM_ENTRAINEMENT)
VALUES('19h00',1,1,1); 
INSERT INTO AVOIR_LIEU(HEURE_DEBUT_CRENEAU,NUM_TERRAIN,NUM_JOUR,NUM_ENTRAINEMENT)
VALUES('19h00',1,3,1); 
INSERT INTO AVOIR_LIEU(HEURE_DEBUT_CRENEAU,NUM_TERRAIN,NUM_JOUR,NUM_ENTRAINEMENT)
VALUES('14h00',1,6,1); 
INSERT INTO AVOIR_LIEU(HEURE_DEBUT_CRENEAU,NUM_TERRAIN,NUM_JOUR,NUM_ENTRAINEMENT)
VALUES('20h00',2,2,2); 
INSERT INTO AVOIR_LIEU(HEURE_DEBUT_CRENEAU,NUM_TERRAIN,NUM_JOUR,NUM_ENTRAINEMENT)
VALUES('16h00',3,4,3); 
INSERT INTO AVOIR_LIEU(HEURE_DEBUT_CRENEAU,NUM_TERRAIN,NUM_JOUR,NUM_ENTRAINEMENT)
VALUES('15h00',4,5,4); 
INSERT INTO AVOIR_LIEU(HEURE_DEBUT_CRENEAU,NUM_TERRAIN,NUM_JOUR,NUM_ENTRAINEMENT)
VALUES('20h00',4,2,4); 
INSERT INTO AVOIR_LIEU(HEURE_DEBUT_CRENEAU,NUM_TERRAIN,NUM_JOUR,NUM_ENTRAINEMENT)
VALUES('16h00',5,3,5); 
INSERT INTO AVOIR_LIEU(HEURE_DEBUT_CRENEAU,NUM_TERRAIN,NUM_JOUR,NUM_ENTRAINEMENT)
VALUES('18h00',6,1,6); 
INSERT INTO AVOIR_LIEU(HEURE_DEBUT_CRENEAU,NUM_TERRAIN,NUM_JOUR,NUM_ENTRAINEMENT)
VALUES('10h00',7,6,7); 
INSERT INTO AVOIR_LIEU(HEURE_DEBUT_CRENEAU,NUM_TERRAIN,NUM_JOUR,NUM_ENTRAINEMENT)
VALUES('11h00',8,6,8); 
INSERT INTO AVOIR_LIEU(HEURE_DEBUT_CRENEAU,NUM_TERRAIN,NUM_JOUR,NUM_ENTRAINEMENT)
VALUES('09h00',9,6,9); 
INSERT INTO AVOIR_LIEU(HEURE_DEBUT_CRENEAU,NUM_TERRAIN,NUM_JOUR,NUM_ENTRAINEMENT)
VALUES('15h00',10,6,10); 
INSERT INTO AVOIR_LIEU(HEURE_DEBUT_CRENEAU,NUM_TERRAIN,NUM_JOUR,NUM_ENTRAINEMENT)
VALUES('20h00',11,2,11); 
INSERT INTO AVOIR_LIEU(HEURE_DEBUT_CRENEAU,NUM_TERRAIN,NUM_JOUR,NUM_ENTRAINEMENT)
VALUES('20h00',12,4,12); 
INSERT INTO AVOIR_LIEU(HEURE_DEBUT_CRENEAU,NUM_TERRAIN,NUM_JOUR,NUM_ENTRAINEMENT)
VALUES('14h00',13,5,13); 
INSERT INTO AVOIR_LIEU(HEURE_DEBUT_CRENEAU,NUM_TERRAIN,NUM_JOUR,NUM_ENTRAINEMENT)
VALUES('16h00',14,1,14); 
INSERT INTO AVOIR_LIEU(HEURE_DEBUT_CRENEAU,NUM_TERRAIN,NUM_JOUR,NUM_ENTRAINEMENT)
VALUES('20h00',15,2,15); 
INSERT INTO AVOIR_LIEU(HEURE_DEBUT_CRENEAU,NUM_TERRAIN,NUM_JOUR,NUM_ENTRAINEMENT)
VALUES('20h00',15,4,15); 
INSERT INTO AVOIR_LIEU(HEURE_DEBUT_CRENEAU,NUM_TERRAIN,NUM_JOUR,NUM_ENTRAINEMENT)
VALUES('14h00',16,4,16); 
INSERT INTO AVOIR_LIEU(HEURE_DEBUT_CRENEAU,NUM_TERRAIN,NUM_JOUR,NUM_ENTRAINEMENT)
VALUES('16h00',17,4,17); 
INSERT INTO AVOIR_LIEU(HEURE_DEBUT_CRENEAU,NUM_TERRAIN,NUM_JOUR,NUM_ENTRAINEMENT)
VALUES('18h00',17,4,17); 
INSERT INTO AVOIR_LIEU(HEURE_DEBUT_CRENEAU,NUM_TERRAIN,NUM_JOUR,NUM_ENTRAINEMENT)
VALUES('19h00',18,1,18); 
INSERT INTO AVOIR_LIEU(HEURE_DEBUT_CRENEAU,NUM_TERRAIN,NUM_JOUR,NUM_ENTRAINEMENT)
VALUES('20h00',18,5,18); 

--Fin des enregistrements de la table AVOIR_LIEU

-- -----------------------------------------------------------------------------
--       TABLES : ABONNEMENT ET MENSUALITE
-- -----------------------------------------------------------------------------

-- Anciens abonnements et mensualités de la personne 1, qui n'est plus adhérente (NUM_ABONNEMENT à 1 avec la séquence)
INSERT INTO ABONNEMENT(NUM_JOUEUR, DATE_DEBUT_ABONNEMENT)
VALUES(1, to_date('01/01/2010','DD/MM/YYYY'));
INSERT INTO MENSUALITE(NUM_ABONNEMENT, ANNEE_MOIS_MENSUALITE, NB_HEURES_MENSUALITE)
VALUES(1, to_date('01/2010','MM/YYYY'), 2);
INSERT INTO MENSUALITE(NUM_ABONNEMENT, ANNEE_MOIS_MENSUALITE, NB_HEURES_MENSUALITE)
VALUES(1, to_date('02/2010','MM/YYYY'), 5);
INSERT INTO MENSUALITE(NUM_ABONNEMENT, ANNEE_MOIS_MENSUALITE, NB_HEURES_MENSUALITE)
VALUES(1, to_date('03/2010','MM/YYYY'), 4);
INSERT INTO MENSUALITE(NUM_ABONNEMENT, ANNEE_MOIS_MENSUALITE, NB_HEURES_MENSUALITE)
VALUES(1, to_date('04/2010','MM/YYYY'), 6);
INSERT INTO MENSUALITE(NUM_ABONNEMENT, ANNEE_MOIS_MENSUALITE, NB_HEURES_MENSUALITE)
VALUES(1, to_date('05/2010','MM/YYYY'), 4);
INSERT INTO MENSUALITE(NUM_ABONNEMENT, ANNEE_MOIS_MENSUALITE)
VALUES(1, to_date('06/2010','MM/YYYY'));
INSERT INTO MENSUALITE(NUM_ABONNEMENT, ANNEE_MOIS_MENSUALITE, NB_HEURES_MENSUALITE)
VALUES(1, to_date('07/2010','MM/YYYY'), 0);
INSERT INTO MENSUALITE(NUM_ABONNEMENT, ANNEE_MOIS_MENSUALITE, NB_HEURES_MENSUALITE)
VALUES(1, to_date('08/2010','MM/YYYY'), 0);
INSERT INTO MENSUALITE(NUM_ABONNEMENT, ANNEE_MOIS_MENSUALITE, NB_HEURES_MENSUALITE)
VALUES(1, to_date('09/2010','MM/YYYY'), 0);
INSERT INTO MENSUALITE(NUM_ABONNEMENT, ANNEE_MOIS_MENSUALITE, NB_HEURES_MENSUALITE)
VALUES(1, to_date('10/2010','MM/YYYY'), 2);
INSERT INTO MENSUALITE(NUM_ABONNEMENT, ANNEE_MOIS_MENSUALITE, NB_HEURES_MENSUALITE)
VALUES(1, to_date('11/2010','MM/YYYY'), 6);
INSERT INTO MENSUALITE(NUM_ABONNEMENT, ANNEE_MOIS_MENSUALITE)
VALUES(1, to_date('12/2010','MM/YYYY'));

-- Abonnements et mensualités de l'adhérent 14 (NUM_ABONNEMENT à 2 et 3 avec la séquence)
INSERT INTO ABONNEMENT(NUM_JOUEUR, DATE_DEBUT_ABONNEMENT)
VALUES(14, to_date('01/01/2010','DD/MM/YYYY'));
INSERT INTO MENSUALITE(NUM_ABONNEMENT, ANNEE_MOIS_MENSUALITE, NB_HEURES_MENSUALITE)
VALUES(2, to_date('01/2010','MM/YYYY'), 2);
INSERT INTO MENSUALITE(NUM_ABONNEMENT, ANNEE_MOIS_MENSUALITE, NB_HEURES_MENSUALITE)
VALUES(2, to_date('02/2010','MM/YYYY'), 5);
INSERT INTO MENSUALITE(NUM_ABONNEMENT, ANNEE_MOIS_MENSUALITE, NB_HEURES_MENSUALITE)
VALUES(2, to_date('03/2010','MM/YYYY'), 4);
INSERT INTO MENSUALITE(NUM_ABONNEMENT, ANNEE_MOIS_MENSUALITE, NB_HEURES_MENSUALITE)
VALUES(2, to_date('04/2010','MM/YYYY'), 6);
INSERT INTO MENSUALITE(NUM_ABONNEMENT, ANNEE_MOIS_MENSUALITE, NB_HEURES_MENSUALITE)
VALUES(2, to_date('05/2010','MM/YYYY'), 4);
INSERT INTO MENSUALITE(NUM_ABONNEMENT, ANNEE_MOIS_MENSUALITE)
VALUES(2, to_date('06/2010','MM/YYYY'));
INSERT INTO MENSUALITE(NUM_ABONNEMENT, ANNEE_MOIS_MENSUALITE, NB_HEURES_MENSUALITE)
VALUES(2, to_date('07/2010','MM/YYYY'), 0);
INSERT INTO MENSUALITE(NUM_ABONNEMENT, ANNEE_MOIS_MENSUALITE, NB_HEURES_MENSUALITE)
VALUES(2, to_date('08/2010','MM/YYYY'), 0);
INSERT INTO MENSUALITE(NUM_ABONNEMENT, ANNEE_MOIS_MENSUALITE, NB_HEURES_MENSUALITE)
VALUES(2, to_date('09/2010','MM/YYYY'), 0);
INSERT INTO MENSUALITE(NUM_ABONNEMENT, ANNEE_MOIS_MENSUALITE, NB_HEURES_MENSUALITE)
VALUES(2, to_date('10/2010','MM/YYYY'), 2);
INSERT INTO MENSUALITE(NUM_ABONNEMENT, ANNEE_MOIS_MENSUALITE, NB_HEURES_MENSUALITE)
VALUES(2, to_date('11/2010','MM/YYYY'), 6);
INSERT INTO MENSUALITE(NUM_ABONNEMENT, ANNEE_MOIS_MENSUALITE)
VALUES(2, to_date('12/2010','MM/YYYY'));

INSERT INTO ABONNEMENT(NUM_JOUEUR, DATE_DEBUT_ABONNEMENT)
VALUES(14, to_date('01/01/2011','DD/MM/YYYY'));
INSERT INTO MENSUALITE(NUM_ABONNEMENT, ANNEE_MOIS_MENSUALITE, NB_HEURES_MENSUALITE)
VALUES(3, to_date('01/2011','MM/YYYY'), 4);
INSERT INTO MENSUALITE(NUM_ABONNEMENT, ANNEE_MOIS_MENSUALITE, NB_HEURES_MENSUALITE)
VALUES(3, to_date('02/2011','MM/YYYY'), 2);
INSERT INTO MENSUALITE(NUM_ABONNEMENT, ANNEE_MOIS_MENSUALITE, NB_HEURES_MENSUALITE)
VALUES(3, to_date('03/2011','MM/YYYY'), 0);
INSERT INTO MENSUALITE(NUM_ABONNEMENT, ANNEE_MOIS_MENSUALITE, NB_HEURES_MENSUALITE)
VALUES(3, to_date('04/2011','MM/YYYY'), 0);
INSERT INTO MENSUALITE(NUM_ABONNEMENT, ANNEE_MOIS_MENSUALITE, NB_HEURES_MENSUALITE)
VALUES(3, to_date('05/2011','MM/YYYY'), 2);
INSERT INTO MENSUALITE(NUM_ABONNEMENT, ANNEE_MOIS_MENSUALITE)
VALUES(3, to_date('06/2011','MM/YYYY'));
INSERT INTO MENSUALITE(NUM_ABONNEMENT, ANNEE_MOIS_MENSUALITE)
VALUES(3, to_date('07/2011','MM/YYYY'));
INSERT INTO MENSUALITE(NUM_ABONNEMENT, ANNEE_MOIS_MENSUALITE)
VALUES(3, to_date('08/2011','MM/YYYY'));
INSERT INTO MENSUALITE(NUM_ABONNEMENT, ANNEE_MOIS_MENSUALITE)
VALUES(3, to_date('09/2011','MM/YYYY'));
INSERT INTO MENSUALITE(NUM_ABONNEMENT, ANNEE_MOIS_MENSUALITE)
VALUES(3, to_date('10/2011','MM/YYYY'));
INSERT INTO MENSUALITE(NUM_ABONNEMENT, ANNEE_MOIS_MENSUALITE)
VALUES(3, to_date('11/2011','MM/YYYY'));
INSERT INTO MENSUALITE(NUM_ABONNEMENT, ANNEE_MOIS_MENSUALITE)
VALUES(3, to_date('12/2011','MM/YYYY'));

-- Abonnements et mensualités de l'adhérent 15 (NUM_ABONNEMENT à 4 avec la séquence)
INSERT INTO ABONNEMENT(NUM_JOUEUR, DATE_DEBUT_ABONNEMENT)
VALUES(15, to_date('01/01/2011','DD/MM/YYYY'));
INSERT INTO MENSUALITE(NUM_ABONNEMENT, ANNEE_MOIS_MENSUALITE, NB_HEURES_MENSUALITE)
VALUES(4, to_date('01/2011','MM/YYYY'), 3);
INSERT INTO MENSUALITE(NUM_ABONNEMENT, ANNEE_MOIS_MENSUALITE, NB_HEURES_MENSUALITE)
VALUES(4, to_date('02/2011','MM/YYYY'), 5);
INSERT INTO MENSUALITE(NUM_ABONNEMENT, ANNEE_MOIS_MENSUALITE, NB_HEURES_MENSUALITE)
VALUES(4, to_date('03/2011','MM/YYYY'), 0);
INSERT INTO MENSUALITE(NUM_ABONNEMENT, ANNEE_MOIS_MENSUALITE, NB_HEURES_MENSUALITE)
VALUES(4, to_date('04/2011','MM/YYYY'), 1);
INSERT INTO MENSUALITE(NUM_ABONNEMENT, ANNEE_MOIS_MENSUALITE, NB_HEURES_MENSUALITE)
VALUES(4, to_date('05/2011','MM/YYYY'), 6);
INSERT INTO MENSUALITE(NUM_ABONNEMENT, ANNEE_MOIS_MENSUALITE)
VALUES(4, to_date('06/2011','MM/YYYY'));
INSERT INTO MENSUALITE(NUM_ABONNEMENT, ANNEE_MOIS_MENSUALITE)
VALUES(4, to_date('07/2011','MM/YYYY'));
INSERT INTO MENSUALITE(NUM_ABONNEMENT, ANNEE_MOIS_MENSUALITE)
VALUES(4, to_date('08/2011','MM/YYYY'));
INSERT INTO MENSUALITE(NUM_ABONNEMENT, ANNEE_MOIS_MENSUALITE)
VALUES(4, to_date('09/2011','MM/YYYY'));
INSERT INTO MENSUALITE(NUM_ABONNEMENT, ANNEE_MOIS_MENSUALITE)
VALUES(4, to_date('10/2011','MM/YYYY'));
INSERT INTO MENSUALITE(NUM_ABONNEMENT, ANNEE_MOIS_MENSUALITE)
VALUES(4, to_date('11/2011','MM/YYYY'));
INSERT INTO MENSUALITE(NUM_ABONNEMENT, ANNEE_MOIS_MENSUALITE)
VALUES(4, to_date('12/2011','MM/YYYY'));

-- Abonnements et mensualités de l'adhérent 16 (NUM_ABONNEMENT à 5 et 6 avec la séquence)
INSERT INTO ABONNEMENT(NUM_JOUEUR, DATE_DEBUT_ABONNEMENT, DUREE_ABONNEMENT)
VALUES(16, to_date('01/01/2011','DD/MM/YYYY'), 6);
INSERT INTO MENSUALITE(NUM_ABONNEMENT, ANNEE_MOIS_MENSUALITE, NB_HEURES_MENSUALITE)
VALUES(5, to_date('01/2011','MM/YYYY'), 0);
INSERT INTO MENSUALITE(NUM_ABONNEMENT, ANNEE_MOIS_MENSUALITE, NB_HEURES_MENSUALITE)
VALUES(5, to_date('02/2011','MM/YYYY'), 1);
INSERT INTO MENSUALITE(NUM_ABONNEMENT, ANNEE_MOIS_MENSUALITE, NB_HEURES_MENSUALITE)
VALUES(5, to_date('03/2011','MM/YYYY'), 0);
INSERT INTO MENSUALITE(NUM_ABONNEMENT, ANNEE_MOIS_MENSUALITE, NB_HEURES_MENSUALITE)
VALUES(5, to_date('04/2011','MM/YYYY'), 1);
INSERT INTO MENSUALITE(NUM_ABONNEMENT, ANNEE_MOIS_MENSUALITE, NB_HEURES_MENSUALITE)
VALUES(5, to_date('05/2011','MM/YYYY'), 3);
INSERT INTO MENSUALITE(NUM_ABONNEMENT, ANNEE_MOIS_MENSUALITE)
VALUES(5, to_date('06/2011','MM/YYYY'));

INSERT INTO ABONNEMENT(NUM_JOUEUR, DATE_DEBUT_ABONNEMENT)
VALUES(16, to_date('01/07/2011','DD/MM/YYYY'));
INSERT INTO MENSUALITE(NUM_ABONNEMENT, ANNEE_MOIS_MENSUALITE)
VALUES(6, to_date('07/2011','MM/YYYY'));
INSERT INTO MENSUALITE(NUM_ABONNEMENT, ANNEE_MOIS_MENSUALITE)
VALUES(6, to_date('08/2011','MM/YYYY'));
INSERT INTO MENSUALITE(NUM_ABONNEMENT, ANNEE_MOIS_MENSUALITE)
VALUES(6, to_date('09/2011','MM/YYYY'));
INSERT INTO MENSUALITE(NUM_ABONNEMENT, ANNEE_MOIS_MENSUALITE)
VALUES(6, to_date('10/2011','MM/YYYY'));
INSERT INTO MENSUALITE(NUM_ABONNEMENT, ANNEE_MOIS_MENSUALITE)
VALUES(6, to_date('11/2011','MM/YYYY'));
INSERT INTO MENSUALITE(NUM_ABONNEMENT, ANNEE_MOIS_MENSUALITE)
VALUES(6, to_date('12/2011','MM/YYYY'));
INSERT INTO MENSUALITE(NUM_ABONNEMENT, ANNEE_MOIS_MENSUALITE, NB_HEURES_MENSUALITE)
VALUES(6, to_date('01/2012','MM/YYYY'), 0);
INSERT INTO MENSUALITE(NUM_ABONNEMENT, ANNEE_MOIS_MENSUALITE, NB_HEURES_MENSUALITE)
VALUES(6, to_date('02/2012','MM/YYYY'), 1);
INSERT INTO MENSUALITE(NUM_ABONNEMENT, ANNEE_MOIS_MENSUALITE, NB_HEURES_MENSUALITE)
VALUES(6, to_date('03/2012','MM/YYYY'), 0);
INSERT INTO MENSUALITE(NUM_ABONNEMENT, ANNEE_MOIS_MENSUALITE, NB_HEURES_MENSUALITE)
VALUES(6, to_date('04/2012','MM/YYYY'), 1);
INSERT INTO MENSUALITE(NUM_ABONNEMENT, ANNEE_MOIS_MENSUALITE, NB_HEURES_MENSUALITE)
VALUES(6, to_date('05/2012','MM/YYYY'), 3);
INSERT INTO MENSUALITE(NUM_ABONNEMENT, ANNEE_MOIS_MENSUALITE)
VALUES(6, to_date('06/2012','MM/YYYY'));

-- Abonnements et mensualités de l'adhérent 17 (NUM_ABONNEMENT à 7 avec la séquence)
INSERT INTO ABONNEMENT(NUM_JOUEUR, DATE_DEBUT_ABONNEMENT)
VALUES(17, to_date('01/03/2011','DD/MM/YYYY'));
INSERT INTO MENSUALITE(NUM_ABONNEMENT, ANNEE_MOIS_MENSUALITE, NB_HEURES_MENSUALITE)
VALUES(7, to_date('03/2011','MM/YYYY'), 5);
INSERT INTO MENSUALITE(NUM_ABONNEMENT, ANNEE_MOIS_MENSUALITE, NB_HEURES_MENSUALITE)
VALUES(7, to_date('04/2011','MM/YYYY'), 2);
INSERT INTO MENSUALITE(NUM_ABONNEMENT, ANNEE_MOIS_MENSUALITE, NB_HEURES_MENSUALITE)
VALUES(7, to_date('05/2011','MM/YYYY'), 3);
INSERT INTO MENSUALITE(NUM_ABONNEMENT, ANNEE_MOIS_MENSUALITE)
VALUES(7, to_date('06/2011','MM/YYYY'));
INSERT INTO MENSUALITE(NUM_ABONNEMENT, ANNEE_MOIS_MENSUALITE)
VALUES(7, to_date('07/2011','MM/YYYY'));
INSERT INTO MENSUALITE(NUM_ABONNEMENT, ANNEE_MOIS_MENSUALITE)
VALUES(7, to_date('08/2011','MM/YYYY'));
INSERT INTO MENSUALITE(NUM_ABONNEMENT, ANNEE_MOIS_MENSUALITE)
VALUES(7, to_date('09/2011','MM/YYYY'));
INSERT INTO MENSUALITE(NUM_ABONNEMENT, ANNEE_MOIS_MENSUALITE)
VALUES(7, to_date('10/2011','MM/YYYY'));
INSERT INTO MENSUALITE(NUM_ABONNEMENT, ANNEE_MOIS_MENSUALITE)
VALUES(7, to_date('11/2011','MM/YYYY'));
INSERT INTO MENSUALITE(NUM_ABONNEMENT, ANNEE_MOIS_MENSUALITE)
VALUES(7, to_date('12/2011','MM/YYYY'));
INSERT INTO MENSUALITE(NUM_ABONNEMENT, ANNEE_MOIS_MENSUALITE)
VALUES(7, to_date('01/2012','MM/YYYY'));
INSERT INTO MENSUALITE(NUM_ABONNEMENT, ANNEE_MOIS_MENSUALITE)
VALUES(7, to_date('02/2012','MM/YYYY'));

-- Abonnements et mensualités de l'adhérent 18 (NUM_ABONNEMENT à 8 avec la séquence)
INSERT INTO ABONNEMENT(NUM_JOUEUR, DATE_DEBUT_ABONNEMENT)
VALUES(18, to_date('01/03/2011','DD/MM/YYYY'));
INSERT INTO MENSUALITE(NUM_ABONNEMENT, ANNEE_MOIS_MENSUALITE, NB_HEURES_MENSUALITE)
VALUES(8, to_date('03/2011','MM/YYYY'), 5);
INSERT INTO MENSUALITE(NUM_ABONNEMENT, ANNEE_MOIS_MENSUALITE, NB_HEURES_MENSUALITE)
VALUES(8, to_date('04/2011','MM/YYYY'), 2);
INSERT INTO MENSUALITE(NUM_ABONNEMENT, ANNEE_MOIS_MENSUALITE, NB_HEURES_MENSUALITE)
VALUES(8, to_date('05/2011','MM/YYYY'), 3);
INSERT INTO MENSUALITE(NUM_ABONNEMENT, ANNEE_MOIS_MENSUALITE)
VALUES(8, to_date('06/2011','MM/YYYY'));
INSERT INTO MENSUALITE(NUM_ABONNEMENT, ANNEE_MOIS_MENSUALITE)
VALUES(8, to_date('07/2011','MM/YYYY'));
INSERT INTO MENSUALITE(NUM_ABONNEMENT, ANNEE_MOIS_MENSUALITE)
VALUES(8, to_date('08/2011','MM/YYYY'));
INSERT INTO MENSUALITE(NUM_ABONNEMENT, ANNEE_MOIS_MENSUALITE)
VALUES(8, to_date('09/2011','MM/YYYY'));
INSERT INTO MENSUALITE(NUM_ABONNEMENT, ANNEE_MOIS_MENSUALITE)
VALUES(8, to_date('10/2011','MM/YYYY'));
INSERT INTO MENSUALITE(NUM_ABONNEMENT, ANNEE_MOIS_MENSUALITE)
VALUES(8, to_date('11/2011','MM/YYYY'));
INSERT INTO MENSUALITE(NUM_ABONNEMENT, ANNEE_MOIS_MENSUALITE)
VALUES(8, to_date('12/2011','MM/YYYY'));
INSERT INTO MENSUALITE(NUM_ABONNEMENT, ANNEE_MOIS_MENSUALITE)
VALUES(8, to_date('01/2012','MM/YYYY'));
INSERT INTO MENSUALITE(NUM_ABONNEMENT, ANNEE_MOIS_MENSUALITE)
VALUES(8, to_date('02/2012','MM/YYYY'));

-- Fin des enregistrements des tables ABONNEMENT et MENSUALITE



-- -----------------------------------------------------------------------------
--       TABLES : S_INSCRIRE
-- -----------------------------------------------------------------------------

INSERT INTO S_INSCRIRE(NUM_ENTRAINEMENT,NUM_PERSONNE) VALUES (8,17);
INSERT INTO S_INSCRIRE(NUM_ENTRAINEMENT,NUM_PERSONNE) VALUES (2,16);
INSERT INTO S_INSCRIRE(NUM_ENTRAINEMENT,NUM_PERSONNE) VALUES (9,18);
INSERT INTO S_INSCRIRE(NUM_ENTRAINEMENT,NUM_PERSONNE) VALUES (5,19);
INSERT INTO S_INSCRIRE(NUM_ENTRAINEMENT,NUM_PERSONNE) VALUES (6,20);


--Validation des insertions des données
COMMIT;	 















